germany,1
germany,2
germany,3
germany,4
germany,5
germany,6
germany,7
germany,8
germany,9
germany,10
germany,11
germany,12
germany,13
germany,14
germany,15
germany,16
germany,17
germany,18
germany,19
germany,20
germany,21
germany,22
germany,23
germany,24
germany,25
germany,26
germany,27
germany,28
germany,29
germany,30
germany,31
germany,32
germany,33
germany,34
germany,35
germany,36
germany,37
germany,38
germany,39
germany,40
germany,41
germany,42
germany,43
germany,44
germany,45
germany,46
germany,47
germany,48
germany,49
germany,50
germany,51
germany,52
germany,53
germany,54
germany,55
germany,56
germany,57
germany,58
germany,59
germany,60
germany,61
germany,62
germany,63
germany,64
germany,65
germany,66
germany,67
germany,68
germany,69
germany,70
germany,71
germany,72
germany,73
germany,74
germany,75
germany,76
germany,77
germany,78
germany,79
germany,80
germany,81
germany,82
germany,83
germany,84
germany,85
germany,86
germany,87
germany,88
germany,89
germany,90
germany,91
germany,92
germany,93
germany,94
germany,95
germany,96
germany,97
germany,98
germany,99
germany,100
germany,101
germany,102
germany,103
germany,104
germany,105
germany,106
germany,107
germany,108
germany,109
germany,110
germany,111
germany,112
germany,113
germany,114
germany,115
germany,116
germany,117
germany,118
germany,119
germany,120
germany,121
germany,122
germany,123
germany,124
germany,125
germany,126
germany,127
germany,128
germany,129
germany,130
germany,131
germany,132
germany,133
germany,134
germany,135
germany,136
germany,137
germany,138
germany,139
germany,140
germany,141
germany,142
germany,143
germany,144
germany,145
germany,146
germany,147
germany,148
germany,149
germany,150
germany,151
germany,152
germany,153
germany,154
germany,155
germany,156
germany,157
germany,158
germany,159
germany,160
germany,161
germany,162
germany,163
germany,164
germany,165
germany,166
germany,167
germany,168
germany,169
germany,170
germany,171
germany,172
germany,173
germany,174
germany,175
germany,176
germany,177
germany,178
germany,179
germany,180
germany,181
germany,182
germany,183
germany,184
germany,185
germany,186
germany,187
germany,188
germany,189
germany,190
germany,191
germany,192
germany,193
germany,194
germany,195
germany,196
germany,197
germany,198
germany,199
germany,200
germany,201
germany,202
germany,203
germany,204
germany,205
germany,206
germany,207
germany,208
germany,209
germany,210
germany,211
germany,212
germany,213
germany,214
germany,215
germany,216
germany,217
germany,218
germany,219
germany,220
germany,221
germany,222
germany,223
germany,224
germany,225
germany,226
germany,227
germany,228
germany,229
germany,230
germany,231
germany,232
germany,233
germany,234
germany,235
germany,236
germany,237
germany,238
germany,239
germany,240
germany,241
germany,242
germany,243
germany,244
germany,245
germany,246
germany,247
germany,248
germany,249
germany,250
germany,251
germany,252
germany,253
germany,254
germany,255
germany,256
germany,257
germany,258
germany,259
germany,260
germany,261
germany,262
germany,263
germany,264
germany,265
germany,266
germany,267
germany,268
germany,269
germany,270
germany,271
germany,272
germany,273
germany,274
germany,275
germany,276
germany,277
germany,278
germany,279
germany,280
germany,281
germany,282
germany,283
germany,284
germany,285
germany,286
germany,287
germany,288
germany,289
germany,290
germany,291
germany,292
germany,293
germany,294
germany,295
germany,296
germany,297
germany,298
germany,299
germany,300
germany,301
germany,302
germany,303
germany,304
germany,305
germany,306
germany,307
germany,308
germany,309
germany,310
germany,311
germany,312
germany,313
germany,314
germany,315
germany,316
germany,317
germany,318
germany,319
germany,320
germany,321
germany,322
germany,323
germany,324
germany,325
germany,326
germany,327
germany,328
germany,329
germany,330
germany,331
germany,332
germany,333
germany,334
germany,335
germany,336
germany,337
germany,338
germany,339
germany,340
germany,341
germany,342
germany,343
germany,344
germany,345
germany,346
germany,347
germany,348
germany,349
germany,350
germany,351
germany,352
germany,353
germany,354
germany,355
germany,356
germany,357
germany,358
germany,359
germany,360
germany,361
germany,362
germany,363
germany,364
germany,365
germany,366
germany,367
germany,368
germany,369
germany,370
germany,371
germany,372
germany,373
germany,374
germany,375
germany,376
germany,377
germany,378
germany,379
germany,380
germany,381
germany,382
germany,383
germany,384
germany,385
germany,386
germany,387
germany,388
germany,389
germany,390
germany,391
germany,392
germany,393
germany,394
germany,395
germany,396
germany,397
germany,398
germany,399
germany,400
germany,401
germany,402
germany,403
germany,404
germany,405
germany,406
germany,407
germany,408
germany,409
germany,410
germany,411
germany,412
germany,413
germany,414
germany,415
germany,416
germany,417
germany,418
germany,419
germany,420
germany,421
germany,422
germany,423
germany,424
germany,425
germany,426
germany,427
germany,428
germany,429
germany,430
germany,431
germany,432
germany,433
germany,434
germany,435
germany,436
germany,437
germany,438
germany,439
germany,440
germany,441
germany,442
germany,443
germany,444
germany,445
germany,446
germany,447
germany,448
germany,449
germany,450
germany,451
germany,452
germany,453
germany,454
germany,455
germany,456
germany,457
germany,458
germany,459
germany,460
germany,461
germany,462
germany,463
germany,464
germany,465
germany,466
germany,467
germany,468
germany,469
germany,470
germany,471
germany,472
germany,473
germany,474
germany,475
germany,476
germany,477
germany,478
germany,479
germany,480
germany,481
germany,482
germany,483
germany,484
germany,485
germany,486
germany,487
germany,488
germany,489
germany,490
germany,491
germany,492
germany,493
germany,494
germany,495
germany,496
germany,497
germany,498
germany,499
germany,500
germany,501
germany,502
germany,503
germany,504
germany,505
germany,506
germany,507
germany,508
germany,509
germany,510
germany,511
germany,512
germany,513
germany,514
germany,515
germany,516
germany,517
germany,518
germany,519
germany,520
germany,521
germany,522
germany,523
germany,524
germany,525
germany,526
germany,527
germany,528
germany,529
germany,530
germany,531
germany,532
germany,533
germany,534
germany,535
germany,536
germany,537
germany,538
germany,539
germany,540
germany,541
germany,542
germany,543
germany,544
germany,545
germany,546
germany,547
germany,548
germany,549
germany,550
germany,551
germany,552
germany,553
germany,554
germany,555
germany,556
germany,557
germany,558
germany,559
germany,560
germany,561
germany,562
germany,563
germany,564
germany,565
germany,566
germany,567
germany,568
germany,569
germany,570
germany,571
germany,572
germany,573
germany,574
germany,575
germany,576
germany,577
germany,578
germany,579
germany,580
germany,581
germany,582
germany,583
germany,584
germany,585
germany,586
germany,587
germany,588
germany,589
germany,590
germany,591
germany,592
germany,593
germany,594
germany,595
germany,596
germany,597
germany,598
germany,599
germany,600
germany,601
germany,602
germany,603
germany,604
germany,605
germany,606
germany,607
germany,608
germany,609
germany,610
germany,611
germany,612
germany,613
germany,614
germany,615
germany,616
germany,617
germany,618
germany,619
germany,620
germany,621
germany,622
germany,623
germany,624
germany,625
germany,626
germany,627
germany,628
germany,629
germany,630
germany,631
germany,632
germany,633
germany,634
germany,635
germany,636
germany,637
germany,638
germany,639
germany,640
germany,641
germany,642
germany,643
germany,644
germany,645
germany,646
germany,647
germany,648
germany,649
germany,650
germany,651
germany,652
germany,653
germany,654
germany,655
germany,656
germany,657
germany,658
germany,659
germany,660
germany,661
germany,662
germany,663
germany,664
germany,665
germany,666
germany,667
germany,668
germany,669
germany,670
germany,671
germany,672
germany,673
germany,674
germany,675
germany,676
germany,677
germany,678
germany,679
germany,680
germany,681
germany,682
germany,683
germany,684
germany,685
germany,686
germany,687
germany,688
germany,689
germany,690
germany,691
germany,692
germany,693
germany,694
germany,695
germany,696
germany,697
germany,698
germany,699
germany,700
germany,701
germany,702
germany,703
germany,704
germany,705
germany,706
germany,707
germany,708
germany,709
germany,710
germany,711
germany,712
germany,713
germany,714
germany,715
germany,716
germany,717
germany,718
germany,719
germany,720
germany,721
germany,722
germany,723
germany,724
germany,725
germany,726
germany,727
germany,728
germany,729
germany,730
germany,731
germany,732
germany,733
germany,734
germany,735
germany,736
germany,737
germany,738
germany,739
germany,740
germany,741
germany,742
germany,743
germany,744
germany,745
germany,746
germany,747
germany,748
germany,749
germany,750
germany,751
germany,752
germany,753
germany,754
germany,755
germany,756
germany,757
germany,758
germany,759
germany,760
germany,761
germany,762
germany,763
germany,764
germany,765
germany,766
germany,767
germany,768
germany,769
germany,770
germany,771
germany,772
germany,773
germany,774
germany,775
germany,776
germany,777
germany,778
germany,779
germany,780
germany,781
germany,782
germany,783
germany,784
germany,785
germany,786
germany,787
germany,788
germany,789
germany,790
germany,791
germany,792
germany,793
germany,794
germany,795
germany,796
germany,797
germany,798
germany,799
germany,800
germany,801
germany,802
germany,803
germany,804
germany,805
germany,806
germany,807
germany,808
germany,809
germany,810
germany,811
germany,812
germany,813
germany,814
germany,815
germany,816
germany,817
germany,818
germany,819
germany,820
germany,821
germany,822
germany,823
germany,824
germany,825
germany,826
germany,827
germany,828
germany,829
germany,830
germany,831
germany,832
germany,833
germany,834
germany,835
germany,836
germany,837
germany,838
germany,839
germany,840
germany,841
germany,842
germany,843
germany,844
germany,845
germany,846
germany,847
germany,848
germany,849
germany,850
germany,851
germany,852
germany,853
germany,854
germany,855
germany,856
germany,857
germany,858
germany,859
germany,860
germany,861
germany,862
germany,863
germany,864
germany,865
germany,866
germany,867
germany,868
germany,869
germany,870
germany,871
germany,872
germany,873
germany,874
germany,875
germany,876
germany,877
germany,878
germany,879
germany,880
germany,881
germany,882
germany,883
germany,884
germany,885
germany,886
germany,887
germany,888
germany,889
germany,890
germany,891
germany,892
germany,893
germany,894
germany,895
germany,896
germany,897
germany,898
germany,899
germany,900
germany,901
germany,902
germany,903
germany,904
germany,905
germany,906
germany,907
germany,908
germany,909
germany,910
germany,911
germany,912
germany,913
germany,914
germany,915
germany,916
germany,917
germany,918
germany,919
germany,920
germany,921
germany,922
germany,923
germany,924
germany,925
germany,926
germany,927
germany,928
germany,929
germany,930
germany,931
germany,932
germany,933
germany,934
germany,935
germany,936
germany,937
germany,938
germany,939
germany,940
germany,941
germany,942
germany,943
germany,944
germany,945
germany,946
germany,947
germany,948
germany,949
germany,950
germany,951
germany,952
germany,953
germany,954
germany,955
germany,956
germany,957
germany,958
germany,959
germany,960
germany,961
germany,962
germany,963
germany,964
germany,965
germany,966
germany,967
germany,968
germany,969
germany,970
germany,971
germany,972
germany,973
germany,974
germany,975
germany,976
germany,977
germany,978
germany,979
germany,980
germany,981
germany,982
germany,983
germany,984
germany,985
germany,986
germany,987
germany,988
germany,989
germany,990
germany,991
germany,992
germany,993
germany,994
germany,995
germany,996
germany,997
germany,998
germany,999
germany,1000
germany,1001
germany,1002
germany,1003
germany,1004
germany,1005
germany,1006
germany,1007
germany,1008
germany,1009
germany,1010
germany,1011
germany,1012
germany,1013
germany,1014
germany,1015
germany,1016
germany,1017
germany,1018
germany,1019
germany,1020
germany,1021
germany,1022
germany,1023
germany,1024
germany,1025
germany,1026
germany,1027
germany,1028
germany,1029
germany,1030
germany,1031
germany,1032
germany,1033
germany,1034
germany,1035
germany,1036
germany,1037
germany,1038
germany,1039
germany,1040
germany,1041
germany,1042
germany,1043
germany,1044
germany,1045
germany,1046
germany,1047
germany,1048
germany,1049
germany,1050
germany,1051
germany,1052
germany,1053
germany,1054
germany,1055
germany,1056
germany,1057
germany,1058
germany,1059
germany,1060
germany,1061
germany,1062
germany,1063
germany,1064
germany,1065
germany,1066
germany,1067
germany,1068
germany,1069
germany,1070
germany,1071
germany,1072
germany,1073
germany,1074
germany,1075
germany,1076
germany,1077
germany,1078
germany,1079
germany,1080
germany,1081
germany,1082
germany,1083
germany,1084
germany,1085
germany,1086
germany,1087
germany,1088
germany,1089
germany,1090
germany,1091
germany,1092
germany,1093
germany,1094
germany,1095
germany,1096
germany,1097
germany,1098
germany,1099
germany,1100
germany,1101
germany,1102
germany,1103
germany,1104
germany,1105
germany,1106
germany,1107
germany,1108
germany,1109
germany,1110
germany,1111
germany,1112
germany,1113
germany,1114
germany,1115
germany,1116
germany,1117
germany,1118
germany,1119
germany,1120
germany,1121
germany,1122
germany,1123
germany,1124
germany,1125
germany,1126
germany,1127
germany,1128
germany,1129
germany,1130
germany,1131
germany,1132
germany,1133
germany,1134
germany,1135
germany,1136
germany,1137
germany,1138
germany,1139
germany,1140
germany,1141
germany,1142
germany,1143
germany,1144
germany,1145
germany,1146
germany,1147
germany,1148
germany,1149
germany,1150
germany,1151
germany,1152
germany,1153
germany,1154
germany,1155
germany,1156
germany,1157
germany,1158
germany,1159
germany,1160
germany,1161
germany,1162
germany,1163
germany,1164
germany,1165
germany,1166
germany,1167
germany,1168
germany,1169
germany,1170
germany,1171
germany,1172
germany,1173
germany,1174
germany,1175
germany,1176
germany,1177
germany,1178
germany,1179
germany,1180
germany,1181
germany,1182
germany,1183
germany,1184
germany,1185
germany,1186
germany,1187
germany,1188
germany,1189
germany,1190
germany,1191
germany,1192
germany,1193
germany,1194
germany,1195
germany,1196
germany,1197
germany,1198
germany,1199
germany,1200
germany,1201
germany,1202
germany,1203
germany,1204
germany,1205
germany,1206
germany,1207
germany,1208
germany,1209
germany,1210
germany,1211
germany,1212
germany,1213
germany,1214
germany,1215
germany,1216
germany,1217
germany,1218
germany,1219
germany,1220
germany,1221
germany,1222
germany,1223
germany,1224
germany,1225
germany,1226
germany,1227
germany,1228
germany,1229
germany,1230
germany,1231
germany,1232
germany,1233
germany,1234
germany,1235
germany,1236
germany,1237
germany,1238
germany,1239
germany,1240
germany,1241
germany,1242
germany,1243
germany,1244
germany,1245
germany,1246
germany,1247
germany,1248
germany,1249
germany,1250
germany,1251
germany,1252
germany,1253
germany,1254
germany,1255
germany,1256
germany,1257
germany,1258
germany,1259
germany,1260
germany,1261
germany,1262
germany,1263
germany,1264
germany,1265
germany,1266
germany,1267
germany,1268
germany,1269
germany,1270
germany,1271
germany,1272
germany,1273
germany,1274
germany,1275
germany,1276
germany,1277
germany,1278
germany,1279
germany,1280
germany,1281
germany,1282
germany,1283
germany,1284
germany,1285
germany,1286
germany,1287
germany,1288
germany,1289
germany,1290
germany,1291
germany,1292
germany,1293
germany,1294
germany,1295
germany,1296
germany,1297
germany,1298
germany,1299
germany,1300
germany,1301
germany,1302
germany,1303
germany,1304
germany,1305
germany,1306
germany,1307
germany,1308
germany,1309
germany,1310
germany,1311
germany,1312
germany,1313
germany,1314
germany,1315
germany,1316
germany,1317
germany,1318
germany,1319
germany,1320
germany,1321
germany,1322
germany,1323
germany,1324
germany,1325
germany,1326
germany,1327
germany,1328
germany,1329
germany,1330
germany,1331
germany,1332
germany,1333
germany,1334
germany,1335
germany,1336
germany,1337
germany,1338
germany,1339
germany,1340
germany,1341
germany,1342
germany,1343
germany,1344
germany,1345
germany,1346
germany,1347
germany,1348
germany,1349
germany,1350
germany,1351
germany,1352
germany,1353
germany,1354
germany,1355
germany,1356
germany,1357
germany,1358
germany,1359
germany,1360
germany,1361
germany,1362
germany,1363
germany,1364
germany,1365
germany,1366
germany,1367
germany,1368
germany,1369
germany,1370
germany,1371
germany,1372
germany,1373
germany,1374
germany,1375
germany,1376
germany,1377
germany,1378
germany,1379
germany,1380
germany,1381
germany,1382
germany,1383
germany,1384
germany,1385
germany,1386
germany,1387
germany,1388
germany,1389
germany,1390
germany,1391
germany,1392
germany,1393
germany,1394
germany,1395
germany,1396
germany,1397
germany,1398
germany,1399
germany,1400
germany,1401
germany,1402
germany,1403
germany,1404
germany,1405
germany,1406
germany,1407
germany,1408
germany,1409
germany,1410
germany,1411
germany,1412
germany,1413
germany,1414
germany,1415
germany,1416
germany,1417
germany,1418
germany,1419
germany,1420
germany,1421
germany,1422
germany,1423
germany,1424
germany,1425
germany,1426
germany,1427
germany,1428
germany,1429
germany,1430
germany,1431
germany,1432
germany,1433
germany,1434
germany,1435
germany,1436
germany,1437
germany,1438
germany,1439
germany,1440
germany,1441
germany,1442
germany,1443
germany,1444
germany,1445
germany,1446
germany,1447
germany,1448
germany,1449
germany,1450
germany,1451
germany,1452
germany,1453
germany,1454
germany,1455
germany,1456
germany,1457
germany,1458
germany,1459
germany,1460
germany,1461
germany,1462
germany,1463
germany,1464
germany,1465
germany,1466
germany,1467
germany,1468
germany,1469
germany,1470
germany,1471
germany,1472
germany,1473
germany,1474
germany,1475
germany,1476
germany,1477
germany,1478
germany,1479
germany,1480
germany,1481
germany,1482
germany,1483
germany,1484
germany,1485
germany,1486
germany,1487
germany,1488
germany,1489
germany,1490
germany,1491
germany,1492
germany,1493
germany,1494
germany,1495
germany,1496
germany,1497
germany,1498
germany,1499
germany,1500
germany,1501
germany,1502
germany,1503
germany,1504
germany,1505
germany,1506
germany,1507
germany,1508
germany,1509
germany,1510
germany,1511
germany,1512
germany,1513
germany,1514
germany,1515
germany,1516
germany,1517
germany,1518
germany,1519
germany,1520
germany,1521
germany,1522
germany,1523
germany,1524
germany,1525
germany,1526
germany,1527
germany,1528
germany,1529
germany,1530
germany,1531
germany,1532
germany,1533
germany,1534
germany,1535
germany,1536
germany,1537
germany,1538
germany,1539
germany,1540
germany,1541
germany,1542
germany,1543
germany,1544
germany,1545
germany,1546
germany,1547
germany,1548
germany,1549
germany,1550
germany,1551
germany,1552
germany,1553
germany,1554
germany,1555
germany,1556
germany,1557
germany,1558
germany,1559
germany,1560
germany,1561
germany,1562
germany,1563
germany,1564
germany,1565
germany,1566
germany,1567
germany,1568
germany,1569
germany,1570
germany,1571
germany,1572
germany,1573
germany,1574
germany,1575
germany,1576
germany,1577
germany,1578
germany,1579
germany,1580
germany,1581
germany,1582
germany,1583
germany,1584
germany,1585
germany,1586
germany,1587
germany,1588
germany,1589
germany,1590
germany,1591
germany,1592
germany,1593
germany,1594
germany,1595
germany,1596
germany,1597
germany,1598
germany,1599
germany,1600
germany,1601
germany,1602
germany,1603
germany,1604
germany,1605
germany,1606
germany,1607
germany,1608
germany,1609
germany,1610
germany,1611
germany,1612
germany,1613
germany,1614
germany,1615
germany,1616
germany,1617
germany,1618
germany,1619
germany,1620
germany,1621
germany,1622
germany,1623
germany,1624
germany,1625
germany,1626
germany,1627
germany,1628
germany,1629
germany,1630
germany,1631
germany,1632
germany,1633
germany,1634
germany,1635
germany,1636
germany,1637
germany,1638
germany,1639
germany,1640
germany,1641
germany,1642
germany,1643
germany,1644
germany,1645
germany,1646
germany,1647
germany,1648
germany,1649
germany,1650
germany,1651
germany,1652
germany,1653
germany,1654
germany,1655
germany,1656
germany,1657
germany,1658
germany,1659
germany,1660
germany,1661
germany,1662
germany,1663
germany,1664
germany,1665
germany,1666
germany,1667
germany,1668
germany,1669
germany,1670
germany,1671
germany,1672
germany,1673
germany,1674
germany,1675
germany,1676
germany,1677
germany,1678
germany,1679
germany,1680
germany,1681
germany,1682
germany,1683
germany,1684
germany,1685
germany,1686
germany,1687
germany,1688
germany,1689
germany,1690
germany,1691
germany,1692
germany,1693
germany,1694
germany,1695
germany,1696
germany,1697
germany,1698
germany,1699
germany,1700
germany,1701
germany,1702
germany,1703
germany,1704
germany,1705
germany,1706
germany,1707
germany,1708
germany,1709
germany,1710
germany,1711
germany,1712
germany,1713
germany,1714
germany,1715
germany,1716
germany,1717
germany,1718
germany,1719
germany,1720
germany,1721
germany,1722
germany,1723
germany,1724
germany,1725
germany,1726
germany,1727
germany,1728
germany,1729
germany,1730
germany,1731
germany,1732
germany,1733
germany,1734
germany,1735
germany,1736
germany,1737
germany,1738
germany,1739
germany,1740
germany,1741
germany,1742
germany,1743
germany,1744
germany,1745
germany,1746
germany,1747
germany,1748
germany,1749
germany,1750
germany,1751
germany,1752
germany,1753
germany,1754
germany,1755
germany,1756
germany,1757
germany,1758
germany,1759
germany,1760
germany,1761
germany,1762
germany,1763
germany,1764
germany,1765
germany,1766
germany,1767
germany,1768
germany,1769
germany,1770
germany,1771
germany,1772
germany,1773
germany,1774
germany,1775
germany,1776
germany,1777
germany,1778
germany,1779
germany,1780
germany,1781
germany,1782
germany,1783
germany,1784
germany,1785
germany,1786
germany,1787
germany,1788
germany,1789
germany,1790
germany,1791
germany,1792
germany,1793
germany,1794
germany,1795
germany,1796
germany,1797
germany,1798
germany,1799
germany,1800
germany,1801
germany,1802
germany,1803
germany,1804
germany,1805
germany,1806
germany,1807
germany,1808
germany,1809
germany,1810
germany,1811
germany,1812
germany,1813
germany,1814
germany,1815
germany,1816
germany,1817
germany,1818
germany,1819
germany,1820
germany,1821
germany,1822
germany,1823
germany,1824
germany,1825
germany,1826
germany,1827
germany,1828
germany,1829
germany,1830
germany,1831
germany,1832
germany,1833
germany,1834
germany,1835
germany,1836
germany,1837
germany,1838
germany,1839
germany,1840
germany,1841
germany,1842
germany,1843
germany,1844
germany,1845
germany,1846
germany,1847
germany,1848
germany,1849
germany,1850
germany,1851
germany,1852
germany,1853
germany,1854
germany,1855
germany,1856
germany,1857
germany,1858
germany,1859
germany,1860
germany,1861
germany,1862
germany,1863
germany,1864
germany,1865
germany,1866
germany,1867
germany,1868
germany,1869
germany,1870
germany,1871
germany,1872
germany,1873
germany,1874
germany,1875
germany,1876
germany,1877
germany,1878
germany,1879
germany,1880
germany,1881
germany,1882
germany,1883
germany,1884
germany,1885
germany,1886
germany,1887
germany,1888
germany,1889
germany,1890
germany,1891
germany,1892
germany,1893
germany,1894
germany,1895
germany,1896
germany,1897
germany,1898
germany,1899
germany,1900
germany,1901
germany,1902
germany,1903
germany,1904
germany,1905
germany,1906
germany,1907
germany,1908
germany,1909
germany,1910
germany,1911
germany,1912
germany,1913
germany,1914
germany,1915
germany,1916
germany,1917
germany,1918
germany,1919
germany,1920
germany,1921
germany,1922
germany,1923
germany,1924
germany,1925
germany,1926
germany,1927
germany,1928
germany,1929
germany,1930
germany,1931
germany,1932
germany,1933
germany,1934
germany,1935
germany,1936
germany,1937
germany,1938
germany,1939
germany,1940
germany,1941
germany,1942
germany,1943
germany,1944
germany,1945
germany,1946
germany,1947
germany,1948
germany,1949
germany,1950
germany,1951
germany,1952
germany,1953
germany,1954
germany,1955
germany,1956
germany,1957
germany,1958
germany,1959
germany,1960
germany,1961
germany,1962
germany,1963
germany,1964
germany,1965
germany,1966
germany,1967
germany,1968
germany,1969
germany,1970
germany,1971
germany,1972
germany,1973
germany,1974
germany,1975
germany,1976
germany,1977
germany,1978
germany,1979
germany,1980
germany,1981
germany,1982
germany,1983
germany,1984
germany,1985
germany,1986
germany,1987
germany,1988
germany,1989
germany,1990
germany,1991
germany,1992
germany,1993
germany,1994
germany,1995
germany,1996
germany,1997
germany,1998
germany,1999
germany,2000
germany,2001
germany,2002
germany,2003
germany,2004
germany,2005
germany,2006
germany,2007
germany,2008
germany,2009
germany,2010
germany,2011
germany,2012
germany,2013
germany,2014
germany,2015
germany,2016
germany,2017
germany,2018
germany,2019
germany,2020
germany,2021
germany,2022
germany,2023
germany,2024
germany,2025
germany,2026
germany,2027
germany,2028
germany,2029
germany,2030
germany,2031
germany,2032
germany,2033
germany,2034
germany,2035
germany,2036
germany,2037
germany,2038
germany,2039
germany,2040
germany,2041
germany,2042
germany,2043
germany,2044
germany,2045
germany,2046
germany,2047
germany,2048
germany,2049
germany,2050
germany,2051
germany,2052
germany,2053
germany,2054
germany,2055
germany,2056
germany,2057
germany,2058
germany,2059
germany,2060
germany,2061
germany,2062
germany,2063
germany,2064
germany,2065
germany,2066
germany,2067
germany,2068
germany,2069
germany,2070
germany,2071
germany,2072
germany,2073
germany,2074
germany,2075
germany,2076
germany,2077
germany,2078
germany,2079
germany,2080
germany,2081
germany,2082
germany,2083
germany,2084
germany,2085
germany,2086
germany,2087
germany,2088
germany,2089
germany,2090
germany,2091
germany,2092
germany,2093
germany,2094
germany,2095
germany,2096
germany,2097
germany,2098
germany,2099
germany,2100
germany,2101
germany,2102
germany,2103
germany,2104
germany,2105
germany,2106
germany,2107
germany,2108
germany,2109
germany,2110
germany,2111
germany,2112
germany,2113
germany,2114
germany,2115
germany,2116
germany,2117
germany,2118
germany,2119
germany,2120
germany,2121
germany,2122
germany,2123
germany,2124
germany,2125
germany,2126
germany,2127
germany,2128
germany,2129
germany,2130
germany,2131
germany,2132
germany,2133
germany,2134
germany,2135
germany,2136
germany,2137
germany,2138
germany,2139
germany,2140
germany,2141
germany,2142
germany,2143
germany,2144
germany,2145
germany,2146
germany,2147
germany,2148
germany,2149
germany,2150
germany,2151
germany,2152
germany,2153
germany,2154
germany,2155
germany,2156
germany,2157
germany,2158
germany,2159
germany,2160
germany,2161
germany,2162
germany,2163
germany,2164
germany,2165
germany,2166
germany,2167
germany,2168
germany,2169
germany,2170
germany,2171
germany,2172
germany,2173
germany,2174
germany,2175
germany,2176
germany,2177
germany,2178
germany,2179
germany,2180
germany,2181
germany,2182
germany,2183
germany,2184
germany,2185
germany,2186
germany,2187
germany,2188
germany,2189
germany,2190
germany,2191
germany,2192
germany,2193
germany,2194
germany,2195
germany,2196
germany,2197
germany,2198
germany,2199
germany,2200
germany,2201
germany,2202
germany,2203
germany,2204
germany,2205
germany,2206
germany,2207
germany,2208
germany,2209
germany,2210
germany,2211
germany,2212
germany,2213
germany,2214
germany,2215
germany,2216
germany,2217
germany,2218
germany,2219
germany,2220
germany,2221
germany,2222
germany,2223
germany,2224
germany,2225
germany,2226
germany,2227
germany,2228
germany,2229
germany,2230
germany,2231
germany,2232
germany,2233
germany,2234
germany,2235
germany,2236
germany,2237
germany,2238
germany,2239
germany,2240
germany,2241
germany,2242
germany,2243
germany,2244
germany,2245
germany,2246
germany,2247
germany,2248
germany,2249
germany,2250
germany,2251
germany,2252
germany,2253
germany,2254
germany,2255
germany,2256
germany,2257
germany,2258
germany,2259
germany,2260
germany,2261
germany,2262
germany,2263
germany,2264
germany,2265
germany,2266
germany,2267
germany,2268
germany,2269
germany,2270
germany,2271
germany,2272
germany,2273
germany,2274
germany,2275
germany,2276
germany,2277
germany,2278
germany,2279
germany,2280
germany,2281
germany,2282
germany,2283
germany,2284
germany,2285
germany,2286
germany,2287
germany,2288
germany,2289
germany,2290
germany,2291
germany,2292
germany,2293
germany,2294
germany,2295
germany,2296
germany,2297
germany,2298
germany,2299
germany,2300
germany,2301
germany,2302
germany,2303
germany,2304
germany,2305
germany,2306
germany,2307
germany,2308
germany,2309
germany,2310
germany,2311
germany,2312
germany,2313
germany,2314
germany,2315
germany,2316
germany,2317
germany,2318
germany,2319
germany,2320
germany,2321
germany,2322
germany,2323
germany,2324
germany,2325
germany,2326
germany,2327
germany,2328
germany,2329
germany,2330
germany,2331
germany,2332
germany,2333
germany,2334
germany,2335
germany,2336
germany,2337
germany,2338
germany,2339
germany,2340
germany,2341
germany,2342
germany,2343
germany,2344
germany,2345
germany,2346
germany,2347
germany,2348
germany,2349
germany,2350
germany,2351
germany,2352
germany,2353
germany,2354
germany,2355
germany,2356
germany,2357
germany,2358
germany,2359
germany,2360
germany,2361
germany,2362
germany,2363
germany,2364
germany,2365
germany,2366
germany,2367
germany,2368
germany,2369
germany,2370
germany,2371
germany,2372
germany,2373
germany,2374
germany,2375
germany,2376
germany,2377
germany,2378
germany,2379
germany,2380
germany,2381
germany,2382
germany,2383
germany,2384
germany,2385
germany,2386
germany,2387
germany,2388
germany,2389
germany,2390
germany,2391
germany,2392
germany,2393
germany,2394
germany,2395
germany,2396
germany,2397
germany,2398
germany,2399
germany,2400
germany,2401
germany,2402
germany,2403
germany,2404
germany,2405
germany,2406
germany,2407
germany,2408
germany,2409
germany,2410
germany,2411
germany,2412
germany,2413
germany,2414
germany,2415
germany,2416
germany,2417
germany,2418
germany,2419
germany,2420
germany,2421
germany,2422
germany,2423
germany,2424
germany,2425
germany,2426
germany,2427
germany,2428
germany,2429
germany,2430
germany,2431
germany,2432
germany,2433
germany,2434
germany,2435
germany,2436
germany,2437
germany,2438
germany,2439
germany,2440
germany,2441
germany,2442
germany,2443
germany,2444
germany,2445
germany,2446
germany,2447
germany,2448
germany,2449
germany,2450
germany,2451
germany,2452
germany,2453
germany,2454
germany,2455
germany,2456
germany,2457
germany,2458
germany,2459
germany,2460
germany,2461
germany,2462
germany,2463
germany,2464
germany,2465
germany,2466
germany,2467
germany,2468
germany,2469
germany,2470
germany,2471
germany,2472
germany,2473
germany,2474
germany,2475
germany,2476
germany,2477
germany,2478
germany,2479
germany,2480
germany,2481
germany,2482
germany,2483
germany,2484
germany,2485
germany,2486
germany,2487
germany,2488
germany,2489
germany,2490
germany,2491
germany,2492
germany,2493
germany,2494
germany,2495
germany,2496
germany,2497
germany,2498
germany,2499
germany,2500
germany,2501
germany,2502
germany,2503
germany,2504
germany,2505
germany,2506
germany,2507
germany,2508
germany,2509
germany,2510
germany,2511
germany,2512
germany,2513
germany,2514
germany,2515
germany,2516
germany,2517
germany,2518
germany,2519
germany,2520
germany,2521
germany,2522
germany,2523
germany,2524
germany,2525
germany,2526
germany,2527
germany,2528
germany,2529
germany,2530
germany,2531
germany,2532
germany,2533
germany,2534
germany,2535
germany,2536
germany,2537
germany,2538
germany,2539
germany,2540
germany,2541
germany,2542
germany,2543
germany,2544
germany,2545
germany,2546
germany,2547
germany,2548
germany,2549
germany,2550
germany,2551
germany,2552
germany,2553
germany,2554
germany,2555
germany,2556
germany,2557
germany,2558
germany,2559
germany,2560
germany,2561
germany,2562
germany,2563
germany,2564
germany,2565
germany,2566
germany,2567
germany,2568
germany,2569
germany,2570
germany,2571
germany,2572
germany,2573
germany,2574
germany,2575
germany,2576
germany,2577
germany,2578
germany,2579
germany,2580
germany,2581
germany,2582
germany,2583
germany,2584
germany,2585
germany,2586
germany,2587
germany,2588
germany,2589
germany,2590
germany,2591
germany,2592
germany,2593
germany,2594
germany,2595
germany,2596
germany,2597
germany,2598
germany,2599
germany,2600
germany,2601
germany,2602
germany,2603
germany,2604
germany,2605
germany,2606
germany,2607
germany,2608
germany,2609
germany,2610
germany,2611
germany,2612
germany,2613
germany,2614
germany,2615
germany,2616
germany,2617
germany,2618
germany,2619
germany,2620
germany,2621
germany,2622
germany,2623
germany,2624
germany,2625
germany,2626
germany,2627
germany,2628
germany,2629
germany,2630
germany,2631
germany,2632
germany,2633
germany,2634
germany,2635
germany,2636
germany,2637
germany,2638
germany,2639
germany,2640
germany,2641
germany,2642
germany,2643
germany,2644
germany,2645
germany,2646
germany,2647
germany,2648
germany,2649
germany,2650
germany,2651
germany,2652
germany,2653
germany,2654
germany,2655
germany,2656
germany,2657
germany,2658
germany,2659
germany,2660
germany,2661
germany,2662
germany,2663
germany,2664
germany,2665
germany,2666
germany,2667
germany,2668
germany,2669
germany,2670
germany,2671
germany,2672
germany,2673
germany,2674
germany,2675
germany,2676
germany,2677
germany,2678
germany,2679
germany,2680
germany,2681
germany,2682
germany,2683
germany,2684
germany,2685
germany,2686
germany,2687
germany,2688
germany,2689
germany,2690
germany,2691
germany,2692
germany,2693
germany,2694
germany,2695
germany,2696
germany,2697
germany,2698
germany,2699
germany,2700
germany,2701
germany,2702
germany,2703
germany,2704
germany,2705
germany,2706
germany,2707
germany,2708
germany,2709
germany,2710
germany,2711
germany,2712
germany,2713
germany,2714
germany,2715
germany,2716
germany,2717
germany,2718
germany,2719
germany,2720
germany,2721
germany,2722
germany,2723
germany,2724
germany,2725
germany,2726
germany,2727
germany,2728
germany,2729
germany,2730
germany,2731
germany,2732
germany,2733
germany,2734
germany,2735
germany,2736
germany,2737
germany,2738
germany,2739
germany,2740
germany,2741
germany,2742
germany,2743
germany,2744
germany,2745
germany,2746
germany,2747
germany,2748
germany,2749
germany,2750
germany,2751
germany,2752
germany,2753
germany,2754
germany,2755
germany,2756
germany,2757
germany,2758
germany,2759
germany,2760
germany,2761
germany,2762
germany,2763
germany,2764
germany,2765
germany,2766
germany,2767
germany,2768
germany,2769
germany,2770
germany,2771
germany,2772
germany,2773
germany,2774
germany,2775
germany,2776
germany,2777
germany,2778
germany,2779
germany,2780
germany,2781
germany,2782
germany,2783
germany,2784
germany,2785
germany,2786
germany,2787
germany,2788
germany,2789
germany,2790
germany,2791
germany,2792
germany,2793
germany,2794
germany,2795
germany,2796
germany,2797
germany,2798
germany,2799
germany,2800
germany,2801
germany,2802
germany,2803
germany,2804
germany,2805
germany,2806
germany,2807
germany,2808
germany,2809
germany,2810
germany,2811
germany,2812
germany,2813
germany,2814
germany,2815
germany,2816
germany,2817
germany,2818
germany,2819
germany,2820
germany,2821
germany,2822
germany,2823
germany,2824
germany,2825
germany,2826
germany,2827
germany,2828
germany,2829
germany,2830
germany,2831
germany,2832
germany,2833
germany,2834
germany,2835
germany,2836
germany,2837
germany,2838
germany,2839
germany,2840
germany,2841
germany,2842
germany,2843
germany,2844
germany,2845
germany,2846
germany,2847
germany,2848
germany,2849
germany,2850
germany,2851
germany,2852
germany,2853
germany,2854
germany,2855
germany,2856
germany,2857
germany,2858
germany,2859
germany,2860
germany,2861
germany,2862
germany,2863
germany,2864
germany,2865
germany,2866
germany,2867
germany,2868
germany,2869
germany,2870
germany,2871
germany,2872
germany,2873
germany,2874
germany,2875
germany,2876
germany,2877
germany,2878
germany,2879
germany,2880
germany,2881
germany,2882
germany,2883
germany,2884
germany,2885
germany,2886
germany,2887
germany,2888
germany,2889
germany,2890
germany,2891
germany,2892
germany,2893
germany,2894
germany,2895
germany,2896
germany,2897
germany,2898
germany,2899
germany,2900
germany,2901
germany,2902
germany,2903
germany,2904
germany,2905
germany,2906
germany,2907
germany,2908
germany,2909
germany,2910
germany,2911
germany,2912
germany,2913
germany,2914
germany,2915
germany,2916
germany,2917
germany,2918
germany,2919
germany,2920
germany,2921
germany,2922
germany,2923
germany,2924
germany,2925
germany,2926
germany,2927
germany,2928
germany,2929
germany,2930
germany,2931
germany,2932
germany,2933
germany,2934
germany,2935
germany,2936
germany,2937
germany,2938
germany,2939
germany,2940
germany,2941
germany,2942
germany,2943
germany,2944
germany,2945
germany,2946
germany,2947
germany,2948
germany,2949
germany,2950
germany,2951
germany,2952
germany,2953
germany,2954
germany,2955
germany,2956
germany,2957
germany,2958
germany,2959
germany,2960
germany,2961
germany,2962
germany,2963
germany,2964
germany,2965
germany,2966
germany,2967
germany,2968
germany,2969
germany,2970
germany,2971
germany,2972
germany,2973
germany,2974
germany,2975
germany,2976
germany,2977
germany,2978
germany,2979
germany,2980
germany,2981
germany,2982
germany,2983
germany,2984
germany,2985
germany,2986
germany,2987
germany,2988
germany,2989
germany,2990
germany,2991
germany,2992
germany,2993
germany,2994
germany,2995
germany,2996
germany,2997
germany,2998
germany,2999
germany,3000
germany,3001
germany,3002
germany,3003
germany,3004
germany,3005
germany,3006
germany,3007
germany,3008
germany,3009
germany,3010
germany,3011
germany,3012
germany,3013
germany,3014
germany,3015
germany,3016
germany,3017
germany,3018
germany,3019
germany,3020
germany,3021
germany,3022
germany,3023
germany,3024
germany,3025
germany,3026
germany,3027
germany,3028
germany,3029
germany,3030
germany,3031
germany,3032
germany,3033
germany,3034
germany,3035
germany,3036
germany,3037
germany,3038
germany,3039
germany,3040
germany,3041
germany,3042
germany,3043
germany,3044
germany,3045
germany,3046
germany,3047
germany,3048
germany,3049
germany,3050
germany,3051
germany,3052
germany,3053
germany,3054
germany,3055
germany,3056
germany,3057
germany,3058
germany,3059
germany,3060
germany,3061
germany,3062
germany,3063
germany,3064
germany,3065
germany,3066
germany,3067
germany,3068
germany,3069
germany,3070
germany,3071
germany,3072
germany,3073
germany,3074
germany,3075
germany,3076
germany,3077
germany,3078
germany,3079
germany,3080
germany,3081
germany,3082
germany,3083
germany,3084
germany,3085
germany,3086
germany,3087
germany,3088
germany,3089
germany,3090
germany,3091
germany,3092
germany,3093
germany,3094
germany,3095
germany,3096
germany,3097
germany,3098
germany,3099
germany,3100
germany,3101
germany,3102
germany,3103
germany,3104
germany,3105
germany,3106
germany,3107
germany,3108
germany,3109
germany,3110
germany,3111
germany,3112
germany,3113
germany,3114
germany,3115
germany,3116
germany,3117
germany,3118
germany,3119
germany,3120
germany,3121
germany,3122
germany,3123
germany,3124
germany,3125
germany,3126
germany,3127
germany,3128
germany,3129
germany,3130
germany,3131
germany,3132
germany,3133
germany,3134
germany,3135
germany,3136
germany,3137
germany,3138
germany,3139
germany,3140
germany,3141
germany,3142
germany,3143
germany,3144
germany,3145
germany,3146
germany,3147
germany,3148
germany,3149
germany,3150
germany,3151
germany,3152
germany,3153
germany,3154
germany,3155
germany,3156
germany,3157
germany,3158
germany,3159
germany,3160
germany,3161
germany,3162
germany,3163
germany,3164
germany,3165
germany,3166
germany,3167
germany,3168
germany,3169
germany,3170
germany,3171
germany,3172
germany,3173
germany,3174
germany,3175
germany,3176
germany,3177
germany,3178
germany,3179
germany,3180
germany,3181
germany,3182
germany,3183
germany,3184
germany,3185
germany,3186
germany,3187
germany,3188
germany,3189
germany,3190
germany,3191
germany,3192
germany,3193
germany,3194
germany,3195
germany,3196
germany,3197
germany,3198
germany,3199
germany,3200
germany,3201
germany,3202
germany,3203
germany,3204
germany,3205
germany,3206
germany,3207
germany,3208
germany,3209
germany,3210
germany,3211
germany,3212
germany,3213
germany,3214
germany,3215
germany,3216
germany,3217
germany,3218
germany,3219
germany,3220
germany,3221
germany,3222
germany,3223
germany,3224
germany,3225
germany,3226
germany,3227
germany,3228
germany,3229
germany,3230
germany,3231
germany,3232
germany,3233
germany,3234
germany,3235
germany,3236
germany,3237
germany,3238
germany,3239
germany,3240
germany,3241
germany,3242
germany,3243
germany,3244
germany,3245
germany,3246
germany,3247
germany,3248
germany,3249
germany,3250
germany,3251
germany,3252
germany,3253
germany,3254
germany,3255
germany,3256
germany,3257
germany,3258
germany,3259
germany,3260
germany,3261
germany,3262
germany,3263
germany,3264
germany,3265
germany,3266
germany,3267
germany,3268
germany,3269
germany,3270
germany,3271
germany,3272
germany,3273
germany,3274
germany,3275
germany,3276
germany,3277
germany,3278
germany,3279
germany,3280
germany,3281
germany,3282
germany,3283
germany,3284
germany,3285
germany,3286
germany,3287
germany,3288
germany,3289
germany,3290
germany,3291
germany,3292
germany,3293
germany,3294
germany,3295
germany,3296
germany,3297
germany,3298
germany,3299
germany,3300
germany,3301
germany,3302
germany,3303
germany,3304
germany,3305
germany,3306
germany,3307
germany,3308
germany,3309
germany,3310
germany,3311
germany,3312
germany,3313
germany,3314
germany,3315
germany,3316
germany,3317
germany,3318
germany,3319
germany,3320
germany,3321
germany,3322
germany,3323
germany,3324
germany,3325
germany,3326
germany,3327
germany,3328
germany,3329
germany,3330
germany,3331
germany,3332
germany,3333
germany,3334
germany,3335
germany,3336
germany,3337
germany,3338
germany,3339
germany,3340
germany,3341
germany,3342
germany,3343
germany,3344
germany,3345
germany,3346
germany,3347
germany,3348
germany,3349
germany,3350
germany,3351
germany,3352
germany,3353
germany,3354
germany,3355
germany,3356
germany,3357
germany,3358
germany,3359
germany,3360
germany,3361
germany,3362
germany,3363
germany,3364
germany,3365
germany,3366
germany,3367
germany,3368
germany,3369
germany,3370
germany,3371
germany,3372
germany,3373
germany,3374
germany,3375
germany,3376
germany,3377
germany,3378
germany,3379
germany,3380
germany,3381
germany,3382
germany,3383
germany,3384
germany,3385
germany,3386
germany,3387
germany,3388
germany,3389
germany,3390
germany,3391
germany,3392
germany,3393
germany,3394
germany,3395
germany,3396
germany,3397
germany,3398
germany,3399
germany,3400
germany,3401
germany,3402
germany,3403
germany,3404
germany,3405
germany,3406
germany,3407
germany,3408
germany,3409
germany,3410
germany,3411
germany,3412
germany,3413
germany,3414
germany,3415
germany,3416
germany,3417
germany,3418
germany,3419
germany,3420
germany,3421
germany,3422
germany,3423
germany,3424
germany,3425
germany,3426
germany,3427
germany,3428
germany,3429
germany,3430
germany,3431
germany,3432
germany,3433
germany,3434
germany,3435
germany,3436
germany,3437
germany,3438
germany,3439
germany,3440
germany,3441
germany,3442
germany,3443
germany,3444
germany,3445
germany,3446
germany,3447
germany,3448
germany,3449
germany,3450
germany,3451
germany,3452
germany,3453
germany,3454
germany,3455
germany,3456
germany,3457
germany,3458
germany,3459
germany,3460
germany,3461
germany,3462
germany,3463
germany,3464
germany,3465
germany,3466
germany,3467
germany,3468
germany,3469
germany,3470
germany,3471
germany,3472
germany,3473
germany,3474
germany,3475
germany,3476
germany,3477
germany,3478
germany,3479
germany,3480
germany,3481
germany,3482
germany,3483
germany,3484
germany,3485
germany,3486
germany,3487
germany,3488
germany,3489
germany,3490
germany,3491
germany,3492
germany,3493
germany,3494
germany,3495
germany,3496
germany,3497
germany,3498
germany,3499
germany,3500
germany,3501
germany,3502
germany,3503
germany,3504
germany,3505
germany,3506
germany,3507
germany,3508
germany,3509
germany,3510
germany,3511
germany,3512
germany,3513
germany,3514
germany,3515
germany,3516
germany,3517
germany,3518
germany,3519
germany,3520
germany,3521
germany,3522
germany,3523
germany,3524
germany,3525
germany,3526
germany,3527
germany,3528
germany,3529
germany,3530
germany,3531
germany,3532
germany,3533
germany,3534
germany,3535
germany,3536
germany,3537
germany,3538
germany,3539
germany,3540
germany,3541
germany,3542
germany,3543
germany,3544
germany,3545
germany,3546
germany,3547
germany,3548
germany,3549
germany,3550
germany,3551
germany,3552
germany,3553
germany,3554
germany,3555
germany,3556
germany,3557
germany,3558
germany,3559
germany,3560
germany,3561
germany,3562
germany,3563
germany,3564
germany,3565
germany,3566
germany,3567
germany,3568
germany,3569
germany,3570
germany,3571
germany,3572
germany,3573
germany,3574
germany,3575
germany,3576
germany,3577
germany,3578
germany,3579
germany,3580
germany,3581
germany,3582
germany,3583
germany,3584
germany,3585
germany,3586
germany,3587
germany,3588
germany,3589
germany,3590
germany,3591
germany,3592
germany,3593
germany,3594
germany,3595
germany,3596
germany,3597
germany,3598
germany,3599
germany,3600
germany,3601
germany,3602
germany,3603
germany,3604
germany,3605
germany,3606
germany,3607
germany,3608
germany,3609
germany,3610
germany,3611
germany,3612
germany,3613
germany,3614
germany,3615
germany,3616
germany,3617
germany,3618
germany,3619
germany,3620
germany,3621
germany,3622
germany,3623
germany,3624
germany,3625
germany,3626
germany,3627
germany,3628
germany,3629
germany,3630
germany,3631
germany,3632
germany,3633
germany,3634
germany,3635
germany,3636
germany,3637
germany,3638
germany,3639
germany,3640
germany,3641
germany,3642
germany,3643
germany,3644
germany,3645
germany,3646
germany,3647
germany,3648
germany,3649
germany,3650
germany,3651
germany,3652
germany,3653
germany,3654
germany,3655
germany,3656
germany,3657
germany,3658
germany,3659
germany,3660
germany,3661
germany,3662
germany,3663
germany,3664
germany,3665
germany,3666
germany,3667
germany,3668
germany,3669
germany,3670
germany,3671
germany,3672
germany,3673
germany,3674
germany,3675
germany,3676
germany,3677
germany,3678
germany,3679
germany,3680
germany,3681
germany,3682
germany,3683
germany,3684
germany,3685
germany,3686
germany,3687
germany,3688
germany,3689
germany,3690
germany,3691
germany,3692
germany,3693
germany,3694
germany,3695
germany,3696
germany,3697
germany,3698
germany,3699
germany,3700
germany,3701
germany,3702
germany,3703
germany,3704
germany,3705
germany,3706
germany,3707
germany,3708
germany,3709
germany,3710
germany,3711
germany,3712
germany,3713
germany,3714
germany,3715
germany,3716
germany,3717
germany,3718
germany,3719
germany,3720
germany,3721
germany,3722
germany,3723
germany,3724
germany,3725
germany,3726
germany,3727
germany,3728
germany,3729
germany,3730
germany,3731
germany,3732
germany,3733
germany,3734
germany,3735
germany,3736
germany,3737
germany,3738
germany,3739
germany,3740
germany,3741
germany,3742
germany,3743
germany,3744
germany,3745
germany,3746
germany,3747
germany,3748
germany,3749
germany,3750
germany,3751
germany,3752
germany,3753
germany,3754
germany,3755
germany,3756
germany,3757
germany,3758
germany,3759
germany,3760
germany,3761
germany,3762
germany,3763
germany,3764
germany,3765
germany,3766
germany,3767
germany,3768
germany,3769
germany,3770
germany,3771
germany,3772
germany,3773
germany,3774
germany,3775
germany,3776
germany,3777
germany,3778
germany,3779
germany,3780
germany,3781
germany,3782
germany,3783
germany,3784
germany,3785
germany,3786
germany,3787
germany,3788
germany,3789
germany,3790
germany,3791
germany,3792
germany,3793
germany,3794
germany,3795
germany,3796
germany,3797
germany,3798
germany,3799
germany,3800
germany,3801
germany,3802
germany,3803
germany,3804
germany,3805
germany,3806
germany,3807
germany,3808
germany,3809
germany,3810
germany,3811
germany,3812
germany,3813
germany,3814
germany,3815
germany,3816
germany,3817
germany,3818
germany,3819
germany,3820
germany,3821
germany,3822
germany,3823
germany,3824
germany,3825
germany,3826
germany,3827
germany,3828
germany,3829
germany,3830
germany,3831
germany,3832
germany,3833
germany,3834
germany,3835
germany,3836
germany,3837
germany,3838
germany,3839
germany,3840
germany,3841
germany,3842
germany,3843
germany,3844
germany,3845
germany,3846
germany,3847
germany,3848
germany,3849
germany,3850
germany,3851
germany,3852
germany,3853
germany,3854
germany,3855
germany,3856
germany,3857
germany,3858
germany,3859
germany,3860
germany,3861
germany,3862
germany,3863
germany,3864
germany,3865
germany,3866
germany,3867
germany,3868
germany,3869
germany,3870
germany,3871
germany,3872
germany,3873
germany,3874
germany,3875
germany,3876
germany,3877
germany,3878
germany,3879
germany,3880
germany,3881
germany,3882
germany,3883
germany,3884
germany,3885
germany,3886
germany,3887
germany,3888
germany,3889
germany,3890
germany,3891
germany,3892
germany,3893
germany,3894
germany,3895
germany,3896
germany,3897
germany,3898
germany,3899
germany,3900
germany,3901
germany,3902
germany,3903
germany,3904
germany,3905
germany,3906
germany,3907
germany,3908
germany,3909
germany,3910
germany,3911
germany,3912
germany,3913
germany,3914
germany,3915
germany,3916
germany,3917
germany,3918
germany,3919
germany,3920
germany,3921
germany,3922
germany,3923
germany,3924
germany,3925
germany,3926
germany,3927
germany,3928
germany,3929
germany,3930
germany,3931
germany,3932
germany,3933
germany,3934
germany,3935
germany,3936
germany,3937
germany,3938
germany,3939
germany,3940
germany,3941
germany,3942
germany,3943
germany,3944
germany,3945
germany,3946
germany,3947
germany,3948
germany,3949
germany,3950
germany,3951
germany,3952
germany,3953
germany,3954
germany,3955
germany,3956
germany,3957
germany,3958
germany,3959
germany,3960
germany,3961
germany,3962
germany,3963
germany,3964
germany,3965
germany,3966
germany,3967
germany,3968
germany,3969
germany,3970
germany,3971
germany,3972
germany,3973
germany,3974
germany,3975
germany,3976
germany,3977
germany,3978
germany,3979
germany,3980
germany,3981
germany,3982
germany,3983
germany,3984
germany,3985
germany,3986
germany,3987
germany,3988
germany,3989
germany,3990
germany,3991
germany,3992
germany,3993
germany,3994
germany,3995
germany,3996
germany,3997
germany,3998
germany,3999
germany,4000
germany,4001
germany,4002
germany,4003
germany,4004
germany,4005
germany,4006
germany,4007
germany,4008
germany,4009
germany,4010
germany,4011
germany,4012
germany,4013
germany,4014
germany,4015
germany,4016
germany,4017
germany,4018
germany,4019
germany,4020
germany,4021
germany,4022
germany,4023
germany,4024
germany,4025
germany,4026
germany,4027
germany,4028
germany,4029
germany,4030
germany,4031
germany,4032
germany,4033
germany,4034
germany,4035
germany,4036
germany,4037
germany,4038
germany,4039
germany,4040
germany,4041
germany,4042
germany,4043
germany,4044
germany,4045
germany,4046
germany,4047
germany,4048
germany,4049
germany,4050
germany,4051
germany,4052
germany,4053
germany,4054
germany,4055
germany,4056
germany,4057
germany,4058
germany,4059
germany,4060
germany,4061
germany,4062
germany,4063
germany,4064
germany,4065
germany,4066
germany,4067
germany,4068
germany,4069
germany,4070
germany,4071
germany,4072
germany,4073
germany,4074
germany,4075
germany,4076
germany,4077
germany,4078
germany,4079
germany,4080
germany,4081
germany,4082
germany,4083
germany,4084
germany,4085
germany,4086
germany,4087
germany,4088
germany,4089
germany,4090
germany,4091
germany,4092
germany,4093
germany,4094
germany,4095
germany,4096
germany,4097
germany,4098
germany,4099
germany,4100
germany,4101
germany,4102
germany,4103
germany,4104
germany,4105
germany,4106
germany,4107
germany,4108
germany,4109
germany,4110
germany,4111
germany,4112
germany,4113
germany,4114
germany,4115
germany,4116
germany,4117
germany,4118
germany,4119
germany,4120
germany,4121
germany,4122
germany,4123
germany,4124
germany,4125
germany,4126
germany,4127
germany,4128
germany,4129
germany,4130
germany,4131
germany,4132
germany,4133
germany,4134
germany,4135
germany,4136
germany,4137
germany,4138
germany,4139
germany,4140
germany,4141
germany,4142
germany,4143
germany,4144
germany,4145
germany,4146
germany,4147
germany,4148
germany,4149
germany,4150
germany,4151
germany,4152
germany,4153
germany,4154
germany,4155
germany,4156
germany,4157
germany,4158
germany,4159
germany,4160
germany,4161
germany,4162
germany,4163
germany,4164
germany,4165
germany,4166
germany,4167
germany,4168
germany,4169
germany,4170
germany,4171
germany,4172
germany,4173
germany,4174
germany,4175
germany,4176
germany,4177
germany,4178
germany,4179
germany,4180
germany,4181
germany,4182
germany,4183
germany,4184
germany,4185
germany,4186
germany,4187
germany,4188
germany,4189
germany,4190
germany,4191
germany,4192
germany,4193
germany,4194
germany,4195
germany,4196
germany,4197
germany,4198
germany,4199
germany,4200
germany,4201
germany,4202
germany,4203
germany,4204
germany,4205
germany,4206
germany,4207
germany,4208
germany,4209
germany,4210
germany,4211
germany,4212
germany,4213
germany,4214
germany,4215
germany,4216
germany,4217
germany,4218
germany,4219
germany,4220
germany,4221
germany,4222
germany,4223
germany,4224
germany,4225
germany,4226
germany,4227
germany,4228
germany,4229
germany,4230
germany,4231
germany,4232
germany,4233
germany,4234
germany,4235
germany,4236
germany,4237
germany,4238
germany,4239
germany,4240
germany,4241
germany,4242
germany,4243
germany,4244
germany,4245
germany,4246
germany,4247
germany,4248
germany,4249
germany,4250
germany,4251
germany,4252
germany,4253
germany,4254
germany,4255
germany,4256
germany,4257
germany,4258
germany,4259
germany,4260
germany,4261
germany,4262
germany,4263
germany,4264
germany,4265
germany,4266
germany,4267
germany,4268
germany,4269
germany,4270
germany,4271
germany,4272
germany,4273
germany,4274
germany,4275
germany,4276
germany,4277
germany,4278
germany,4279
germany,4280
germany,4281
germany,4282
germany,4283
germany,4284
germany,4285
germany,4286
germany,4287
germany,4288
germany,4289
germany,4290
germany,4291
germany,4292
germany,4293
germany,4294
germany,4295
germany,4296
germany,4297
germany,4298
germany,4299
germany,4300
germany,4301
germany,4302
germany,4303
germany,4304
germany,4305
germany,4306
germany,4307
germany,4308
germany,4309
germany,4310
germany,4311
germany,4312
germany,4313
germany,4314
germany,4315
germany,4316
germany,4317
germany,4318
germany,4319
germany,4320
germany,4321
germany,4322
germany,4323
germany,4324
germany,4325
germany,4326
germany,4327
germany,4328
germany,4329
germany,4330
germany,4331
germany,4332
germany,4333
germany,4334
germany,4335
germany,4336
germany,4337
germany,4338
germany,4339
germany,4340
germany,4341
germany,4342
germany,4343
germany,4344
germany,4345
germany,4346
germany,4347
germany,4348
germany,4349
germany,4350
germany,4351
germany,4352
germany,4353
germany,4354
germany,4355
germany,4356
germany,4357
germany,4358
germany,4359
germany,4360
germany,4361
germany,4362
germany,4363
germany,4364
germany,4365
germany,4366
germany,4367
germany,4368
germany,4369
germany,4370
germany,4371
germany,4372
germany,4373
germany,4374
germany,4375
germany,4376
germany,4377
germany,4378
germany,4379
germany,4380
germany,4381
germany,4382
germany,4383
germany,4384
germany,4385
germany,4386
germany,4387
germany,4388
germany,4389
germany,4390
germany,4391
germany,4392
germany,4393
germany,4394
germany,4395
germany,4396
germany,4397
germany,4398
germany,4399
germany,4400
germany,4401
germany,4402
germany,4403
germany,4404
germany,4405
germany,4406
germany,4407
germany,4408
germany,4409
germany,4410
germany,4411
germany,4412
germany,4413
germany,4414
germany,4415
germany,4416
germany,4417
germany,4418
germany,4419
germany,4420
germany,4421
germany,4422
germany,4423
germany,4424
germany,4425
germany,4426
germany,4427
germany,4428
germany,4429
germany,4430
germany,4431
germany,4432
germany,4433
germany,4434
germany,4435
germany,4436
germany,4437
germany,4438
germany,4439
germany,4440
germany,4441
germany,4442
germany,4443
germany,4444
germany,4445
germany,4446
germany,4447
germany,4448
germany,4449
germany,4450
germany,4451
germany,4452
germany,4453
germany,4454
germany,4455
germany,4456
germany,4457
germany,4458
germany,4459
germany,4460
germany,4461
germany,4462
germany,4463
germany,4464
germany,4465
germany,4466
germany,4467
germany,4468
germany,4469
germany,4470
germany,4471
germany,4472
germany,4473
germany,4474
germany,4475
germany,4476
germany,4477
germany,4478
germany,4479
germany,4480
germany,4481
germany,4482
germany,4483
germany,4484
germany,4485
germany,4486
germany,4487
germany,4488
germany,4489
germany,4490
germany,4491
germany,4492
germany,4493
germany,4494
germany,4495
germany,4496
germany,4497
germany,4498
germany,4499
germany,4500
germany,4501
germany,4502
germany,4503
germany,4504
germany,4505
germany,4506
germany,4507
germany,4508
germany,4509
germany,4510
germany,4511
germany,4512
germany,4513
germany,4514
germany,4515
germany,4516
germany,4517
germany,4518
germany,4519
germany,4520
germany,4521
germany,4522
germany,4523
germany,4524
germany,4525
germany,4526
germany,4527
germany,4528
germany,4529
germany,4530
germany,4531
germany,4532
germany,4533
germany,4534
germany,4535
germany,4536
germany,4537
germany,4538
germany,4539
germany,4540
germany,4541
germany,4542
germany,4543
germany,4544
germany,4545
germany,4546
germany,4547
germany,4548
germany,4549
germany,4550
germany,4551
germany,4552
germany,4553
germany,4554
germany,4555
germany,4556
germany,4557
germany,4558
germany,4559
germany,4560
germany,4561
germany,4562
germany,4563
germany,4564
germany,4565
germany,4566
germany,4567
germany,4568
germany,4569
germany,4570
germany,4571
germany,4572
germany,4573
germany,4574
germany,4575
germany,4576
germany,4577
germany,4578
germany,4579
germany,4580
germany,4581
germany,4582
germany,4583
germany,4584
germany,4585
germany,4586
germany,4587
germany,4588
germany,4589
germany,4590
germany,4591
germany,4592
germany,4593
germany,4594
germany,4595
germany,4596
germany,4597
germany,4598
germany,4599
germany,4600
germany,4601
germany,4602
germany,4603
germany,4604
germany,4605
germany,4606
germany,4607
germany,4608
germany,4609
germany,4610
germany,4611
germany,4612
germany,4613
germany,4614
germany,4615
germany,4616
germany,4617
germany,4618
germany,4619
germany,4620
germany,4621
germany,4622
germany,4623
germany,4624
germany,4625
germany,4626
germany,4627
germany,4628
germany,4629
germany,4630
germany,4631
germany,4632
germany,4633
germany,4634
germany,4635
germany,4636
germany,4637
germany,4638
germany,4639
germany,4640
germany,4641
germany,4642
germany,4643
germany,4644
germany,4645
germany,4646
germany,4647
germany,4648
germany,4649
germany,4650
germany,4651
germany,4652
germany,4653
germany,4654
germany,4655
germany,4656
germany,4657
germany,4658
germany,4659
germany,4660
germany,4661
germany,4662
germany,4663
germany,4664
germany,4665
germany,4666
germany,4667
usa,1
usa,2
usa,3
usa,4
usa,5
usa,6
usa,7
usa,8
usa,9
usa,10
usa,11
usa,12
usa,13
usa,14
usa,15
usa,16
usa,17
usa,18
usa,19
usa,20
usa,21
usa,22
usa,23
usa,24
usa,25
usa,26
usa,27
usa,28
usa,29
usa,30
usa,31
usa,32
usa,33
usa,34
usa,35
usa,36
usa,37
usa,38
usa,39
usa,40
usa,41
usa,42
usa,43
usa,44
usa,45
usa,46
usa,47
usa,48
usa,49
usa,50
usa,51
usa,52
usa,53
usa,54
usa,55
usa,56
usa,57
usa,58
usa,59
usa,60
usa,61
usa,62
usa,63
usa,64
usa,65
usa,66
usa,67
usa,68
usa,69
usa,70
usa,71
usa,72
usa,73
usa,74
usa,75
usa,76
usa,77
usa,78
usa,79
usa,80
usa,81
usa,82
usa,83
usa,84
usa,85
usa,86
usa,87
usa,88
usa,89
usa,90
usa,91
usa,92
usa,93
usa,94
usa,95
usa,96
usa,97
usa,98
usa,99
usa,100
usa,101
usa,102
usa,103
usa,104
usa,105
usa,106
usa,107
usa,108
usa,109
usa,110
usa,111
usa,112
usa,113
usa,114
usa,115
usa,116
usa,117
usa,118
usa,119
usa,120
usa,121
usa,122
usa,123
usa,124
usa,125
usa,126
usa,127
usa,128
usa,129
usa,130
usa,131
usa,132
usa,133
usa,134
usa,135
usa,136
usa,137
usa,138
usa,139
usa,140
usa,141
usa,142
usa,143
usa,144
usa,145
usa,146
usa,147
usa,148
usa,149
usa,150
usa,151
usa,152
usa,153
usa,154
usa,155
usa,156
usa,157
usa,158
usa,159
usa,160
usa,161
usa,162
usa,163
usa,164
usa,165
usa,166
usa,167
usa,168
usa,169
usa,170
usa,171
usa,172
usa,173
usa,174
usa,175
usa,176
usa,177
usa,178
usa,179
usa,180
usa,181
usa,182
usa,183
usa,184
usa,185
usa,186
usa,187
usa,188
usa,189
usa,190
usa,191
usa,192
usa,193
usa,194
usa,195
usa,196
usa,197
usa,198
usa,199
usa,200
usa,201
usa,202
usa,203
usa,204
usa,205
usa,206
usa,207
usa,208
usa,209
usa,210
usa,211
usa,212
usa,213
usa,214
usa,215
usa,216
usa,217
usa,218
usa,219
usa,220
usa,221
usa,222
usa,223
usa,224
usa,225
usa,226
usa,227
usa,228
usa,229
usa,230
usa,231
usa,232
usa,233
usa,234
usa,235
usa,236
usa,237
usa,238
usa,239
usa,240
usa,241
usa,242
usa,243
usa,244
usa,245
usa,246
usa,247
usa,248
usa,249
usa,250
usa,251
usa,252
usa,253
usa,254
usa,255
usa,256
usa,257
usa,258
usa,259
usa,260
usa,261
usa,262
usa,263
usa,264
usa,265
usa,266
usa,267
usa,268
usa,269
usa,270
usa,271
usa,272
usa,273
usa,274
usa,275
usa,276
usa,277
usa,278
usa,279
usa,280
usa,281
usa,282
usa,283
usa,284
usa,285
usa,286
usa,287
usa,288
usa,289
usa,290
usa,291
usa,292
usa,293
usa,294
usa,295
usa,296
usa,297
usa,298
usa,299
usa,300
usa,301
usa,302
usa,303
usa,304
usa,305
usa,306
usa,307
usa,308
usa,309
usa,310
usa,311
usa,312
usa,313
usa,314
usa,315
usa,316
usa,317
usa,318
usa,319
usa,320
usa,321
usa,322
usa,323
usa,324
usa,325
usa,326
usa,327
usa,328
usa,329
usa,330
usa,331
usa,332
usa,333
usa,334
usa,335
usa,336
usa,337
usa,338
usa,339
usa,340
usa,341
usa,342
usa,343
usa,344
usa,345
usa,346
usa,347
usa,348
usa,349
usa,350
usa,351
usa,352
usa,353
usa,354
usa,355
usa,356
usa,357
usa,358
usa,359
usa,360
usa,361
usa,362
usa,363
usa,364
usa,365
usa,366
usa,367
usa,368
usa,369
usa,370
usa,371
usa,372
usa,373
usa,374
usa,375
usa,376
usa,377
usa,378
usa,379
usa,380
usa,381
usa,382
usa,383
usa,384
usa,385
usa,386
usa,387
usa,388
usa,389
usa,390
usa,391
usa,392
usa,393
usa,394
usa,395
usa,396
usa,397
usa,398
usa,399
usa,400
usa,401
usa,402
usa,403
usa,404
usa,405
usa,406
usa,407
usa,408
usa,409
usa,410
usa,411
usa,412
usa,413
usa,414
usa,415
usa,416
usa,417
usa,418
usa,419
usa,420
usa,421
usa,422
usa,423
usa,424
usa,425
usa,426
usa,427
usa,428
usa,429
usa,430
usa,431
usa,432
usa,433
usa,434
usa,435
usa,436
usa,437
usa,438
usa,439
usa,440
usa,441
usa,442
usa,443
usa,444
usa,445
usa,446
usa,447
usa,448
usa,449
usa,450
usa,451
usa,452
usa,453
usa,454
usa,455
usa,456
usa,457
usa,458
usa,459
usa,460
usa,461
usa,462
usa,463
usa,464
usa,465
usa,466
usa,467
usa,468
usa,469
usa,470
usa,471
usa,472
usa,473
usa,474
usa,475
usa,476
usa,477
usa,478
usa,479
usa,480
usa,481
usa,482
usa,483
usa,484
usa,485
usa,486
usa,487
usa,488
usa,489
usa,490
usa,491
usa,492
usa,493
usa,494
usa,495
usa,496
usa,497
usa,498
usa,499
usa,500
usa,501
usa,502
usa,503
usa,504
usa,505
usa,506
usa,507
usa,508
usa,509
usa,510
usa,511
usa,512
usa,513
usa,514
usa,515
usa,516
usa,517
usa,518
usa,519
usa,520
usa,521
usa,522
usa,523
usa,524
usa,525
usa,526
usa,527
usa,528
usa,529
usa,530
usa,531
usa,532
usa,533
usa,534
usa,535
usa,536
usa,537
usa,538
usa,539
usa,540
usa,541
usa,542
usa,543
usa,544
usa,545
usa,546
usa,547
usa,548
usa,549
usa,550
usa,551
usa,552
usa,553
usa,554
usa,555
usa,556
usa,557
usa,558
usa,559
usa,560
usa,561
usa,562
usa,563
usa,564
usa,565
usa,566
usa,567
usa,568
usa,569
usa,570
usa,571
usa,572
usa,573
usa,574
usa,575
usa,576
usa,577
usa,578
usa,579
usa,580
usa,581
usa,582
usa,583
usa,584
usa,585
usa,586
usa,587
usa,588
usa,589
usa,590
usa,591
usa,592
usa,593
usa,594
usa,595
usa,596
usa,597
usa,598
usa,599
usa,600
usa,601
usa,602
usa,603
usa,604
usa,605
usa,606
usa,607
usa,608
usa,609
usa,610
usa,611
usa,612
usa,613
usa,614
usa,615
usa,616
usa,617
usa,618
usa,619
usa,620
usa,621
usa,622
usa,623
usa,624
usa,625
usa,626
usa,627
usa,628
usa,629
usa,630
usa,631
usa,632
usa,633
usa,634
usa,635
usa,636
usa,637
usa,638
usa,639
usa,640
usa,641
usa,642
usa,643
usa,644
usa,645
usa,646
usa,647
usa,648
usa,649
usa,650
usa,651
usa,652
usa,653
usa,654
usa,655
usa,656
usa,657
usa,658
usa,659
usa,660
usa,661
usa,662
usa,663
usa,664
usa,665
usa,666
usa,667
usa,668
usa,669
usa,670
usa,671
usa,672
usa,673
usa,674
usa,675
usa,676
usa,677
usa,678
usa,679
usa,680
usa,681
usa,682
usa,683
usa,684
usa,685
usa,686
usa,687
usa,688
usa,689
usa,690
usa,691
usa,692
usa,693
usa,694
usa,695
usa,696
usa,697
usa,698
usa,699
usa,700
usa,701
usa,702
usa,703
usa,704
usa,705
usa,706
usa,707
usa,708
usa,709
usa,710
usa,711
usa,712
usa,713
usa,714
usa,715
usa,716
usa,717
usa,718
usa,719
usa,720
usa,721
usa,722
usa,723
usa,724
usa,725
usa,726
usa,727
usa,728
usa,729
usa,730
usa,731
usa,732
usa,733
usa,734
usa,735
usa,736
usa,737
usa,738
usa,739
usa,740
usa,741
usa,742
usa,743
usa,744
usa,745
usa,746
usa,747
usa,748
usa,749
usa,750
usa,751
usa,752
usa,753
usa,754
usa,755
usa,756
usa,757
usa,758
usa,759
usa,760
usa,761
usa,762
usa,763
usa,764
usa,765
usa,766
usa,767
usa,768
usa,769
usa,770
usa,771
usa,772
usa,773
usa,774
usa,775
usa,776
usa,777
usa,778
usa,779
usa,780
usa,781
usa,782
usa,783
usa,784
usa,785
usa,786
usa,787
usa,788
usa,789
usa,790
usa,791
usa,792
usa,793
usa,794
usa,795
usa,796
usa,797
usa,798
usa,799
usa,800
usa,801
usa,802
usa,803
usa,804
usa,805
usa,806
usa,807
usa,808
usa,809
usa,810
usa,811
usa,812
usa,813
usa,814
usa,815
usa,816
usa,817
usa,818
usa,819
usa,820
usa,821
usa,822
usa,823
usa,824
usa,825
usa,826
usa,827
usa,828
usa,829
usa,830
usa,831
usa,832
usa,833
usa,834
usa,835
usa,836
usa,837
usa,838
usa,839
usa,840
usa,841
usa,842
usa,843
usa,844
usa,845
usa,846
usa,847
usa,848
usa,849
usa,850
usa,851
usa,852
usa,853
usa,854
usa,855
usa,856
usa,857
usa,858
usa,859
usa,860
usa,861
usa,862
usa,863
usa,864
usa,865
usa,866
usa,867
usa,868
usa,869
usa,870
usa,871
usa,872
usa,873
usa,874
usa,875
usa,876
usa,877
usa,878
usa,879
usa,880
usa,881
usa,882
usa,883
usa,884
usa,885
usa,886
usa,887
usa,888
usa,889
usa,890
usa,891
usa,892
usa,893
usa,894
usa,895
usa,896
usa,897
usa,898
usa,899
usa,900
usa,901
usa,902
usa,903
usa,904
usa,905
usa,906
usa,907
usa,908
usa,909
usa,910
usa,911
usa,912
usa,913
usa,914
usa,915
usa,916
usa,917
usa,918
usa,919
usa,920
usa,921
usa,922
usa,923
usa,924
usa,925
usa,926
usa,927
usa,928
usa,929
usa,930
usa,931
usa,932
usa,933
usa,934
usa,935
usa,936
usa,937
usa,938
usa,939
usa,940
usa,941
usa,942
usa,943
usa,944
usa,945
usa,946
usa,947
usa,948
usa,949
usa,950
usa,951
usa,952
usa,953
usa,954
usa,955
usa,956
usa,957
usa,958
usa,959
usa,960
usa,961
usa,962
usa,963
usa,964
usa,965
usa,966
usa,967
usa,968
usa,969
usa,970
usa,971
usa,972
usa,973
usa,974
usa,975
usa,976
usa,977
usa,978
usa,979
usa,980
usa,981
usa,982
usa,983
usa,984
usa,985
usa,986
usa,987
usa,988
usa,989
usa,990
usa,991
usa,992
usa,993
usa,994
usa,995
usa,996
usa,997
usa,998
usa,999
usa,1000
usa,1001
usa,1002
usa,1003
usa,1004
usa,1005
usa,1006
usa,1007
usa,1008
usa,1009
usa,1010
usa,1011
usa,1012
usa,1013
usa,1014
usa,1015
usa,1016
usa,1017
usa,1018
usa,1019
usa,1020
usa,1021
usa,1022
usa,1023
usa,1024
usa,1025
usa,1026
usa,1027
usa,1028
usa,1029
usa,1030
usa,1031
usa,1032
usa,1033
usa,1034
usa,1035
usa,1036
usa,1037
usa,1038
usa,1039
usa,1040
usa,1041
usa,1042
usa,1043
usa,1044
usa,1045
usa,1046
usa,1047
usa,1048
usa,1049
usa,1050
usa,1051
usa,1052
usa,1053
usa,1054
usa,1055
usa,1056
usa,1057
usa,1058
usa,1059
usa,1060
usa,1061
usa,1062
usa,1063
usa,1064
usa,1065
usa,1066
usa,1067
usa,1068
usa,1069
usa,1070
usa,1071
usa,1072
usa,1073
usa,1074
usa,1075
usa,1076
usa,1077
usa,1078
usa,1079
usa,1080
usa,1081
usa,1082
usa,1083
usa,1084
usa,1085
usa,1086
usa,1087
usa,1088
usa,1089
usa,1090
usa,1091
usa,1092
usa,1093
usa,1094
usa,1095
usa,1096
usa,1097
usa,1098
usa,1099
usa,1100
usa,1101
usa,1102
usa,1103
usa,1104
usa,1105
usa,1106
usa,1107
usa,1108
usa,1109
usa,1110
usa,1111
usa,1112
usa,1113
usa,1114
usa,1115
usa,1116
usa,1117
usa,1118
usa,1119
usa,1120
usa,1121
usa,1122
usa,1123
usa,1124
usa,1125
usa,1126
usa,1127
usa,1128
usa,1129
usa,1130
usa,1131
usa,1132
usa,1133
usa,1134
usa,1135
usa,1136
usa,1137
usa,1138
usa,1139
usa,1140
usa,1141
usa,1142
usa,1143
usa,1144
usa,1145
usa,1146
usa,1147
usa,1148
usa,1149
usa,1150
usa,1151
usa,1152
usa,1153
usa,1154
usa,1155
usa,1156
usa,1157
usa,1158
usa,1159
usa,1160
usa,1161
usa,1162
usa,1163
usa,1164
usa,1165
usa,1166
usa,1167
usa,1168
usa,1169
usa,1170
usa,1171
usa,1172
usa,1173
usa,1174
usa,1175
usa,1176
usa,1177
usa,1178
usa,1179
usa,1180
usa,1181
usa,1182
usa,1183
usa,1184
usa,1185
usa,1186
usa,1187
usa,1188
usa,1189
usa,1190
usa,1191
usa,1192
usa,1193
usa,1194
usa,1195
usa,1196
usa,1197
usa,1198
usa,1199
usa,1200
usa,1201
usa,1202
usa,1203
usa,1204
usa,1205
usa,1206
usa,1207
usa,1208
usa,1209
usa,1210
usa,1211
usa,1212
usa,1213
usa,1214
usa,1215
usa,1216
usa,1217
usa,1218
usa,1219
usa,1220
usa,1221
usa,1222
usa,1223
usa,1224
usa,1225
usa,1226
usa,1227
usa,1228
usa,1229
usa,1230
usa,1231
usa,1232
usa,1233
usa,1234
usa,1235
usa,1236
usa,1237
usa,1238
usa,1239
usa,1240
usa,1241
usa,1242
usa,1243
usa,1244
usa,1245
usa,1246
usa,1247
usa,1248
usa,1249
usa,1250
usa,1251
usa,1252
usa,1253
usa,1254
usa,1255
usa,1256
usa,1257
usa,1258
usa,1259
usa,1260
usa,1261
usa,1262
usa,1263
usa,1264
usa,1265
usa,1266
usa,1267
usa,1268
usa,1269
usa,1270
usa,1271
usa,1272
usa,1273
usa,1274
usa,1275
usa,1276
usa,1277
usa,1278
usa,1279
usa,1280
usa,1281
usa,1282
usa,1283
usa,1284
usa,1285
usa,1286
usa,1287
usa,1288
usa,1289
usa,1290
usa,1291
usa,1292
usa,1293
usa,1294
usa,1295
usa,1296
usa,1297
usa,1298
usa,1299
usa,1300
usa,1301
usa,1302
usa,1303
usa,1304
usa,1305
usa,1306
usa,1307
usa,1308
usa,1309
usa,1310
usa,1311
usa,1312
usa,1313
usa,1314
usa,1315
usa,1316
usa,1317
usa,1318
usa,1319
usa,1320
usa,1321
usa,1322
usa,1323
usa,1324
usa,1325
usa,1326
usa,1327
usa,1328
usa,1329
usa,1330
usa,1331
usa,1332
usa,1333
usa,1334
usa,1335
usa,1336
usa,1337
usa,1338
usa,1339
usa,1340
usa,1341
usa,1342
usa,1343
usa,1344
usa,1345
usa,1346
usa,1347
usa,1348
usa,1349
usa,1350
usa,1351
usa,1352
usa,1353
usa,1354
usa,1355
usa,1356
usa,1357
usa,1358
usa,1359
usa,1360
usa,1361
usa,1362
usa,1363
usa,1364
usa,1365
usa,1366
usa,1367
usa,1368
usa,1369
usa,1370
usa,1371
usa,1372
usa,1373
usa,1374
usa,1375
usa,1376
usa,1377
usa,1378
usa,1379
usa,1380
usa,1381
usa,1382
usa,1383
usa,1384
usa,1385
usa,1386
usa,1387
usa,1388
usa,1389
usa,1390
usa,1391
usa,1392
usa,1393
usa,1394
usa,1395
usa,1396
usa,1397
usa,1398
usa,1399
usa,1400
usa,1401
usa,1402
usa,1403
usa,1404
usa,1405
usa,1406
usa,1407
usa,1408
usa,1409
usa,1410
usa,1411
usa,1412
usa,1413
usa,1414
usa,1415
usa,1416
usa,1417
usa,1418
usa,1419
usa,1420
usa,1421
usa,1422
usa,1423
usa,1424
usa,1425
usa,1426
usa,1427
usa,1428
usa,1429
usa,1430
usa,1431
usa,1432
usa,1433
usa,1434
usa,1435
usa,1436
usa,1437
usa,1438
usa,1439
usa,1440
usa,1441
usa,1442
usa,1443
usa,1444
usa,1445
usa,1446
usa,1447
usa,1448
usa,1449
usa,1450
usa,1451
usa,1452
usa,1453
usa,1454
usa,1455
usa,1456
usa,1457
usa,1458
usa,1459
usa,1460
usa,1461
usa,1462
usa,1463
usa,1464
usa,1465
usa,1466
usa,1467
usa,1468
usa,1469
usa,1470
usa,1471
usa,1472
usa,1473
usa,1474
usa,1475
usa,1476
usa,1477
usa,1478
usa,1479
usa,1480
usa,1481
usa,1482
usa,1483
usa,1484
usa,1485
usa,1486
usa,1487
usa,1488
usa,1489
usa,1490
usa,1491
usa,1492
usa,1493
usa,1494
usa,1495
usa,1496
usa,1497
usa,1498
usa,1499
usa,1500
usa,1501
usa,1502
usa,1503
usa,1504
usa,1505
usa,1506
usa,1507
usa,1508
usa,1509
usa,1510
usa,1511
usa,1512
usa,1513
usa,1514
usa,1515
usa,1516
usa,1517
usa,1518
usa,1519
usa,1520
usa,1521
usa,1522
usa,1523
usa,1524
usa,1525
usa,1526
usa,1527
usa,1528
usa,1529
usa,1530
usa,1531
usa,1532
usa,1533
usa,1534
usa,1535
usa,1536
usa,1537
usa,1538
usa,1539
usa,1540
usa,1541
usa,1542
usa,1543
usa,1544
usa,1545
usa,1546
usa,1547
usa,1548
usa,1549
usa,1550
usa,1551
usa,1552
usa,1553
usa,1554
usa,1555
usa,1556
usa,1557
usa,1558
usa,1559
usa,1560
usa,1561
usa,1562
usa,1563
usa,1564
usa,1565
usa,1566
usa,1567
usa,1568
usa,1569
usa,1570
usa,1571
usa,1572
usa,1573
usa,1574
usa,1575
usa,1576
usa,1577
usa,1578
usa,1579
usa,1580
usa,1581
usa,1582
usa,1583
usa,1584
usa,1585
usa,1586
usa,1587
usa,1588
usa,1589
usa,1590
usa,1591
usa,1592
usa,1593
usa,1594
usa,1595
usa,1596
usa,1597
usa,1598
usa,1599
usa,1600
usa,1601
usa,1602
usa,1603
usa,1604
usa,1605
usa,1606
usa,1607
usa,1608
usa,1609
usa,1610
usa,1611
usa,1612
usa,1613
usa,1614
usa,1615
usa,1616
usa,1617
usa,1618
usa,1619
usa,1620
usa,1621
usa,1622
usa,1623
usa,1624
usa,1625
usa,1626
usa,1627
usa,1628
usa,1629
usa,1630
usa,1631
usa,1632
usa,1633
usa,1634
usa,1635
usa,1636
usa,1637
usa,1638
usa,1639
usa,1640
usa,1641
usa,1642
usa,1643
usa,1644
usa,1645
usa,1646
usa,1647
usa,1648
usa,1649
usa,1650
usa,1651
usa,1652
usa,1653
usa,1654
usa,1655
usa,1656
usa,1657
usa,1658
usa,1659
usa,1660
usa,1661
usa,1662
usa,1663
usa,1664
usa,1665
usa,1666
usa,1667
usa,1668
usa,1669
usa,1670
usa,1671
usa,1672
usa,1673
usa,1674
usa,1675
usa,1676
usa,1677
usa,1678
usa,1679
usa,1680
usa,1681
usa,1682
usa,1683
usa,1684
usa,1685
usa,1686
usa,1687
usa,1688
usa,1689
usa,1690
usa,1691
usa,1692
usa,1693
usa,1694
usa,1695
usa,1696
usa,1697
usa,1698
usa,1699
usa,1700
usa,1701
usa,1702
usa,1703
usa,1704
usa,1705
usa,1706
usa,1707
usa,1708
usa,1709
usa,1710
usa,1711
usa,1712
usa,1713
usa,1714
usa,1715
usa,1716
usa,1717
usa,1718
usa,1719
usa,1720
usa,1721
usa,1722
usa,1723
usa,1724
usa,1725
usa,1726
usa,1727
usa,1728
usa,1729
usa,1730
usa,1731
usa,1732
usa,1733
usa,1734
usa,1735
usa,1736
usa,1737
usa,1738
usa,1739
usa,1740
usa,1741
usa,1742
usa,1743
usa,1744
usa,1745
usa,1746
usa,1747
usa,1748
usa,1749
usa,1750
usa,1751
usa,1752
usa,1753
usa,1754
usa,1755
usa,1756
usa,1757
usa,1758
usa,1759
usa,1760
usa,1761
usa,1762
usa,1763
usa,1764
usa,1765
usa,1766
usa,1767
usa,1768
usa,1769
usa,1770
usa,1771
usa,1772
usa,1773
usa,1774
usa,1775
usa,1776
usa,1777
usa,1778
usa,1779
usa,1780
usa,1781
usa,1782
usa,1783
usa,1784
usa,1785
usa,1786
usa,1787
usa,1788
usa,1789
usa,1790
usa,1791
usa,1792
usa,1793
usa,1794
usa,1795
usa,1796
usa,1797
usa,1798
usa,1799
usa,1800
usa,1801
usa,1802
usa,1803
usa,1804
usa,1805
usa,1806
usa,1807
usa,1808
usa,1809
usa,1810
usa,1811
usa,1812
usa,1813
usa,1814
usa,1815
usa,1816
usa,1817
usa,1818
usa,1819
usa,1820
usa,1821
usa,1822
usa,1823
usa,1824
usa,1825
usa,1826
usa,1827
usa,1828
usa,1829
usa,1830
usa,1831
usa,1832
usa,1833
usa,1834
usa,1835
usa,1836
usa,1837
usa,1838
usa,1839
usa,1840
usa,1841
usa,1842
usa,1843
usa,1844
usa,1845
usa,1846
usa,1847
usa,1848
usa,1849
usa,1850
usa,1851
usa,1852
usa,1853
usa,1854
usa,1855
usa,1856
usa,1857
usa,1858
usa,1859
usa,1860
usa,1861
usa,1862
usa,1863
usa,1864
usa,1865
usa,1866
usa,1867
usa,1868
usa,1869
usa,1870
usa,1871
usa,1872
usa,1873
usa,1874
usa,1875
usa,1876
usa,1877
usa,1878
usa,1879
usa,1880
usa,1881
usa,1882
usa,1883
usa,1884
usa,1885
usa,1886
usa,1887
usa,1888
usa,1889
usa,1890
usa,1891
usa,1892
usa,1893
usa,1894
usa,1895
usa,1896
usa,1897
usa,1898
usa,1899
usa,1900
usa,1901
usa,1902
usa,1903
usa,1904
usa,1905
usa,1906
usa,1907
usa,1908
usa,1909
usa,1910
usa,1911
usa,1912
usa,1913
usa,1914
usa,1915
usa,1916
usa,1917
usa,1918
usa,1919
usa,1920
usa,1921
usa,1922
usa,1923
usa,1924
usa,1925
usa,1926
usa,1927
usa,1928
usa,1929
usa,1930
usa,1931
usa,1932
usa,1933
usa,1934
usa,1935
usa,1936
usa,1937
usa,1938
usa,1939
usa,1940
usa,1941
usa,1942
usa,1943
usa,1944
usa,1945
usa,1946
usa,1947
usa,1948
usa,1949
usa,1950
usa,1951
usa,1952
usa,1953
usa,1954
usa,1955
usa,1956
usa,1957
usa,1958
usa,1959
usa,1960
usa,1961
usa,1962
usa,1963
usa,1964
usa,1965
usa,1966
usa,1967
usa,1968
usa,1969
usa,1970
usa,1971
usa,1972
usa,1973
usa,1974
usa,1975
usa,1976
usa,1977
usa,1978
usa,1979
usa,1980
usa,1981
usa,1982
usa,1983
usa,1984
usa,1985
usa,1986
usa,1987
usa,1988
usa,1989
usa,1990
usa,1991
usa,1992
usa,1993
usa,1994
usa,1995
usa,1996
usa,1997
usa,1998
usa,1999
usa,2000
usa,2001
usa,2002
usa,2003
usa,2004
usa,2005
usa,2006
usa,2007
usa,2008
usa,2009
usa,2010
usa,2011
usa,2012
usa,2013
usa,2014
usa,2015
usa,2016
usa,2017
usa,2018
usa,2019
usa,2020
usa,2021
usa,2022
usa,2023
usa,2024
usa,2025
usa,2026
usa,2027
usa,2028
usa,2029
usa,2030
usa,2031
usa,2032
usa,2033
usa,2034
usa,2035
usa,2036
usa,2037
usa,2038
usa,2039
usa,2040
usa,2041
usa,2042
usa,2043
usa,2044
usa,2045
usa,2046
usa,2047
usa,2048
usa,2049
usa,2050
usa,2051
usa,2052
usa,2053
usa,2054
usa,2055
usa,2056
usa,2057
usa,2058
usa,2059
usa,2060
usa,2061
usa,2062
usa,2063
usa,2064
usa,2065
usa,2066
usa,2067
usa,2068
usa,2069
usa,2070
usa,2071
usa,2072
usa,2073
usa,2074
usa,2075
usa,2076
usa,2077
usa,2078
usa,2079
usa,2080
usa,2081
usa,2082
usa,2083
usa,2084
usa,2085
usa,2086
usa,2087
usa,2088
usa,2089
usa,2090
usa,2091
usa,2092
usa,2093
usa,2094
usa,2095
usa,2096
usa,2097
usa,2098
usa,2099
usa,2100
usa,2101
usa,2102
usa,2103
usa,2104
usa,2105
usa,2106
usa,2107
usa,2108
usa,2109
usa,2110
usa,2111
usa,2112
usa,2113
usa,2114
usa,2115
usa,2116
usa,2117
usa,2118
usa,2119
usa,2120
usa,2121
usa,2122
usa,2123
usa,2124
usa,2125
usa,2126
usa,2127
usa,2128
usa,2129
usa,2130
usa,2131
usa,2132
usa,2133
usa,2134
usa,2135
usa,2136
usa,2137
usa,2138
usa,2139
usa,2140
usa,2141
usa,2142
usa,2143
usa,2144
usa,2145
usa,2146
usa,2147
usa,2148
usa,2149
usa,2150
usa,2151
usa,2152
usa,2153
usa,2154
usa,2155
usa,2156
usa,2157
usa,2158
usa,2159
usa,2160
usa,2161
usa,2162
usa,2163
usa,2164
usa,2165
usa,2166
usa,2167
usa,2168
usa,2169
usa,2170
usa,2171
usa,2172
usa,2173
usa,2174
usa,2175
usa,2176
usa,2177
usa,2178
usa,2179
usa,2180
usa,2181
usa,2182
usa,2183
usa,2184
usa,2185
usa,2186
usa,2187
usa,2188
usa,2189
usa,2190
usa,2191
usa,2192
usa,2193
usa,2194
usa,2195
usa,2196
usa,2197
usa,2198
usa,2199
usa,2200
usa,2201
usa,2202
usa,2203
usa,2204
usa,2205
usa,2206
usa,2207
usa,2208
usa,2209
usa,2210
usa,2211
usa,2212
usa,2213
usa,2214
usa,2215
usa,2216
usa,2217
usa,2218
usa,2219
usa,2220
usa,2221
usa,2222
usa,2223
usa,2224
usa,2225
usa,2226
usa,2227
usa,2228
usa,2229
usa,2230
usa,2231
usa,2232
usa,2233
usa,2234
usa,2235
usa,2236
usa,2237
usa,2238
usa,2239
usa,2240
usa,2241
usa,2242
usa,2243
usa,2244
usa,2245
usa,2246
usa,2247
usa,2248
usa,2249
usa,2250
usa,2251
usa,2252
usa,2253
usa,2254
usa,2255
usa,2256
usa,2257
usa,2258
usa,2259
usa,2260
usa,2261
usa,2262
usa,2263
usa,2264
usa,2265
usa,2266
usa,2267
usa,2268
usa,2269
usa,2270
usa,2271
usa,2272
usa,2273
usa,2274
usa,2275
usa,2276
usa,2277
usa,2278
usa,2279
usa,2280
usa,2281
usa,2282
usa,2283
usa,2284
usa,2285
usa,2286
usa,2287
usa,2288
usa,2289
usa,2290
usa,2291
usa,2292
usa,2293
usa,2294
usa,2295
usa,2296
usa,2297
usa,2298
usa,2299
usa,2300
usa,2301
usa,2302
usa,2303
usa,2304
usa,2305
usa,2306
usa,2307
usa,2308
usa,2309
usa,2310
usa,2311
usa,2312
usa,2313
usa,2314
usa,2315
usa,2316
usa,2317
usa,2318
usa,2319
usa,2320
usa,2321
usa,2322
usa,2323
usa,2324
usa,2325
usa,2326
usa,2327
usa,2328
usa,2329
usa,2330
usa,2331
usa,2332
usa,2333
usa,2334
usa,2335
usa,2336
usa,2337
usa,2338
usa,2339
usa,2340
usa,2341
usa,2342
usa,2343
usa,2344
usa,2345
usa,2346
usa,2347
usa,2348
usa,2349
usa,2350
usa,2351
usa,2352
usa,2353
usa,2354
usa,2355
usa,2356
usa,2357
usa,2358
usa,2359
usa,2360
usa,2361
usa,2362
usa,2363
usa,2364
usa,2365
usa,2366
usa,2367
usa,2368
usa,2369
usa,2370
usa,2371
usa,2372
usa,2373
usa,2374
usa,2375
usa,2376
usa,2377
usa,2378
usa,2379
usa,2380
usa,2381
usa,2382
usa,2383
usa,2384
usa,2385
usa,2386
usa,2387
usa,2388
usa,2389
usa,2390
usa,2391
usa,2392
usa,2393
usa,2394
usa,2395
usa,2396
usa,2397
usa,2398
usa,2399
usa,2400
usa,2401
usa,2402
usa,2403
usa,2404
usa,2405
usa,2406
usa,2407
usa,2408
usa,2409
usa,2410
usa,2411
usa,2412
usa,2413
usa,2414
usa,2415
usa,2416
usa,2417
usa,2418
usa,2419
usa,2420
usa,2421
usa,2422
usa,2423
usa,2424
usa,2425
usa,2426
usa,2427
usa,2428
usa,2429
usa,2430
usa,2431
usa,2432
usa,2433
usa,2434
usa,2435
usa,2436
usa,2437
usa,2438
usa,2439
usa,2440
usa,2441
usa,2442
usa,2443
usa,2444
usa,2445
usa,2446
usa,2447
usa,2448
usa,2449
usa,2450
usa,2451
usa,2452
usa,2453
usa,2454
usa,2455
usa,2456
usa,2457
usa,2458
usa,2459
usa,2460
usa,2461
usa,2462
usa,2463
usa,2464
usa,2465
usa,2466
usa,2467
usa,2468
usa,2469
usa,2470
usa,2471
usa,2472
usa,2473
usa,2474
usa,2475
usa,2476
usa,2477
usa,2478
usa,2479
usa,2480
usa,2481
usa,2482
usa,2483
usa,2484
usa,2485
usa,2486
usa,2487
usa,2488
usa,2489
usa,2490
usa,2491
usa,2492
usa,2493
usa,2494
usa,2495
usa,2496
usa,2497
usa,2498
usa,2499
usa,2500
usa,2501
usa,2502
usa,2503
usa,2504
usa,2505
usa,2506
usa,2507
usa,2508
usa,2509
usa,2510
usa,2511
usa,2512
usa,2513
usa,2514
usa,2515
usa,2516
usa,2517
usa,2518
usa,2519
usa,2520
usa,2521
usa,2522
usa,2523
usa,2524
usa,2525
usa,2526
usa,2527
usa,2528
usa,2529
usa,2530
usa,2531
usa,2532
usa,2533
usa,2534
usa,2535
usa,2536
usa,2537
usa,2538
usa,2539
usa,2540
usa,2541
usa,2542
usa,2543
usa,2544
usa,2545
usa,2546
usa,2547
usa,2548
usa,2549
usa,2550
usa,2551
usa,2552
usa,2553
usa,2554
usa,2555
usa,2556
usa,2557
usa,2558
usa,2559
usa,2560
usa,2561
usa,2562
usa,2563
usa,2564
usa,2565
usa,2566
usa,2567
usa,2568
usa,2569
usa,2570
usa,2571
usa,2572
usa,2573
usa,2574
usa,2575
usa,2576
usa,2577
usa,2578
usa,2579
usa,2580
usa,2581
usa,2582
usa,2583
usa,2584
usa,2585
usa,2586
usa,2587
usa,2588
usa,2589
usa,2590
usa,2591
usa,2592
usa,2593
usa,2594
usa,2595
usa,2596
usa,2597
usa,2598
usa,2599
usa,2600
usa,2601
usa,2602
usa,2603
usa,2604
usa,2605
usa,2606
usa,2607
usa,2608
usa,2609
usa,2610
usa,2611
usa,2612
usa,2613
usa,2614
usa,2615
usa,2616
usa,2617
usa,2618
usa,2619
usa,2620
usa,2621
usa,2622
usa,2623
usa,2624
usa,2625
usa,2626
usa,2627
usa,2628
usa,2629
usa,2630
usa,2631
usa,2632
usa,2633
usa,2634
usa,2635
usa,2636
usa,2637
usa,2638
usa,2639
usa,2640
usa,2641
usa,2642
usa,2643
usa,2644
usa,2645
usa,2646
usa,2647
usa,2648
usa,2649
usa,2650
usa,2651
usa,2652
usa,2653
usa,2654
usa,2655
usa,2656
usa,2657
usa,2658
usa,2659
usa,2660
usa,2661
usa,2662
usa,2663
usa,2664
usa,2665
usa,2666
usa,2667
usa,2668
usa,2669
usa,2670
usa,2671
usa,2672
usa,2673
usa,2674
usa,2675
usa,2676
usa,2677
usa,2678
usa,2679
usa,2680
usa,2681
usa,2682
usa,2683
usa,2684
usa,2685
usa,2686
usa,2687
usa,2688
usa,2689
usa,2690
usa,2691
usa,2692
usa,2693
usa,2694
usa,2695
usa,2696
usa,2697
usa,2698
usa,2699
usa,2700
usa,2701
usa,2702
usa,2703
usa,2704
usa,2705
usa,2706
usa,2707
usa,2708
usa,2709
usa,2710
usa,2711
usa,2712
usa,2713
usa,2714
usa,2715
usa,2716
usa,2717
usa,2718
usa,2719
usa,2720
usa,2721
usa,2722
usa,2723
usa,2724
usa,2725
usa,2726
usa,2727
usa,2728
usa,2729
usa,2730
usa,2731
usa,2732
usa,2733
usa,2734
usa,2735
usa,2736
usa,2737
usa,2738
usa,2739
usa,2740
usa,2741
usa,2742
usa,2743
usa,2744
usa,2745
usa,2746
usa,2747
usa,2748
usa,2749
usa,2750
usa,2751
usa,2752
usa,2753
usa,2754
usa,2755
usa,2756
usa,2757
usa,2758
usa,2759
usa,2760
usa,2761
usa,2762
usa,2763
usa,2764
usa,2765
usa,2766
usa,2767
usa,2768
usa,2769
usa,2770
usa,2771
usa,2772
usa,2773
usa,2774
usa,2775
usa,2776
usa,2777
usa,2778
usa,2779
usa,2780
usa,2781
usa,2782
usa,2783
usa,2784
usa,2785
usa,2786
usa,2787
usa,2788
usa,2789
usa,2790
usa,2791
usa,2792
usa,2793
usa,2794
usa,2795
usa,2796
usa,2797
usa,2798
usa,2799
usa,2800
usa,2801
usa,2802
usa,2803
usa,2804
usa,2805
usa,2806
usa,2807
usa,2808
usa,2809
usa,2810
usa,2811
usa,2812
usa,2813
usa,2814
usa,2815
usa,2816
usa,2817
usa,2818
usa,2819
usa,2820
usa,2821
usa,2822
usa,2823
usa,2824
usa,2825
usa,2826
usa,2827
usa,2828
usa,2829
usa,2830
usa,2831
usa,2832
usa,2833
usa,2834
usa,2835
usa,2836
usa,2837
usa,2838
usa,2839
usa,2840
usa,2841
usa,2842
usa,2843
usa,2844
usa,2845
usa,2846
usa,2847
usa,2848
usa,2849
usa,2850
usa,2851
usa,2852
usa,2853
usa,2854
usa,2855
usa,2856
usa,2857
usa,2858
usa,2859
usa,2860
usa,2861
usa,2862
usa,2863
usa,2864
usa,2865
usa,2866
usa,2867
usa,2868
usa,2869
usa,2870
usa,2871
usa,2872
usa,2873
usa,2874
usa,2875
usa,2876
usa,2877
usa,2878
usa,2879
usa,2880
usa,2881
usa,2882
usa,2883
usa,2884
usa,2885
usa,2886
usa,2887
usa,2888
usa,2889
usa,2890
usa,2891
usa,2892
usa,2893
usa,2894
usa,2895
usa,2896
usa,2897
usa,2898
usa,2899
usa,2900
usa,2901
usa,2902
usa,2903
usa,2904
usa,2905
usa,2906
usa,2907
usa,2908
usa,2909
usa,2910
usa,2911
usa,2912
usa,2913
usa,2914
usa,2915
usa,2916
usa,2917
usa,2918
usa,2919
usa,2920
usa,2921
usa,2922
usa,2923
usa,2924
usa,2925
usa,2926
usa,2927
usa,2928
usa,2929
usa,2930
usa,2931
usa,2932
usa,2933
usa,2934
usa,2935
usa,2936
usa,2937
usa,2938
usa,2939
usa,2940
usa,2941
usa,2942
usa,2943
usa,2944
usa,2945
usa,2946
usa,2947
usa,2948
usa,2949
usa,2950
usa,2951
usa,2952
usa,2953
usa,2954
usa,2955
usa,2956
usa,2957
usa,2958
usa,2959
usa,2960
usa,2961
usa,2962
usa,2963
usa,2964
usa,2965
usa,2966
usa,2967
usa,2968
usa,2969
usa,2970
usa,2971
usa,2972
usa,2973
usa,2974
usa,2975
usa,2976
usa,2977
usa,2978
usa,2979
usa,2980
usa,2981
usa,2982
usa,2983
usa,2984
usa,2985
usa,2986
usa,2987
usa,2988
usa,2989
usa,2990
usa,2991
usa,2992
usa,2993
usa,2994
usa,2995
usa,2996
usa,2997
usa,2998
usa,2999
usa,3000
usa,3001
usa,3002
usa,3003
usa,3004
usa,3005
usa,3006
usa,3007
usa,3008
usa,3009
usa,3010
usa,3011
usa,3012
usa,3013
usa,3014
usa,3015
usa,3016
usa,3017
usa,3018
usa,3019
usa,3020
usa,3021
usa,3022
usa,3023
usa,3024
usa,3025
usa,3026
usa,3027
usa,3028
usa,3029
usa,3030
usa,3031
usa,3032
usa,3033
usa,3034
usa,3035
usa,3036
usa,3037
usa,3038
usa,3039
usa,3040
usa,3041
usa,3042
usa,3043
usa,3044
usa,3045
usa,3046
usa,3047
usa,3048
usa,3049
usa,3050
usa,3051
usa,3052
usa,3053
usa,3054
usa,3055
usa,3056
usa,3057
usa,3058
usa,3059
usa,3060
usa,3061
usa,3062
usa,3063
usa,3064
usa,3065
usa,3066
usa,3067
usa,3068
usa,3069
usa,3070
usa,3071
usa,3072
usa,3073
usa,3074
usa,3075
usa,3076
usa,3077
usa,3078
usa,3079
usa,3080
usa,3081
usa,3082
usa,3083
usa,3084
usa,3085
usa,3086
usa,3087
usa,3088
usa,3089
usa,3090
usa,3091
usa,3092
usa,3093
usa,3094
usa,3095
usa,3096
usa,3097
usa,3098
usa,3099
usa,3100
usa,3101
usa,3102
usa,3103
usa,3104
usa,3105
usa,3106
usa,3107
usa,3108
usa,3109
usa,3110
usa,3111
usa,3112
usa,3113
usa,3114
usa,3115
usa,3116
usa,3117
usa,3118
usa,3119
usa,3120
usa,3121
usa,3122
usa,3123
usa,3124
usa,3125
usa,3126
usa,3127
usa,3128
usa,3129
usa,3130
usa,3131
usa,3132
usa,3133
usa,3134
usa,3135
usa,3136
usa,3137
usa,3138
usa,3139
usa,3140
usa,3141
usa,3142
usa,3143
usa,3144
usa,3145
usa,3146
usa,3147
usa,3148
usa,3149
usa,3150
usa,3151
usa,3152
usa,3153
usa,3154
usa,3155
usa,3156
usa,3157
usa,3158
usa,3159
usa,3160
usa,3161
usa,3162
usa,3163
usa,3164
usa,3165
usa,3166
usa,3167
usa,3168
usa,3169
usa,3170
usa,3171
usa,3172
usa,3173
usa,3174
usa,3175
usa,3176
usa,3177
usa,3178
usa,3179
usa,3180
usa,3181
usa,3182
usa,3183
usa,3184
usa,3185
usa,3186
usa,3187
usa,3188
usa,3189
usa,3190
usa,3191
usa,3192
usa,3193
usa,3194
usa,3195
usa,3196
usa,3197
usa,3198
usa,3199
usa,3200
usa,3201
usa,3202
usa,3203
usa,3204
usa,3205
usa,3206
usa,3207
usa,3208
usa,3209
usa,3210
usa,3211
usa,3212
usa,3213
usa,3214
usa,3215
usa,3216
usa,3217
usa,3218
usa,3219
usa,3220
usa,3221
usa,3222
usa,3223
usa,3224
usa,3225
usa,3226
usa,3227
usa,3228
usa,3229
usa,3230
usa,3231
usa,3232
usa,3233
usa,3234
usa,3235
usa,3236
usa,3237
usa,3238
usa,3239
usa,3240
usa,3241
usa,3242
usa,3243
usa,3244
usa,3245
usa,3246
usa,3247
usa,3248
usa,3249
usa,3250
usa,3251
usa,3252
usa,3253
usa,3254
usa,3255
usa,3256
usa,3257
usa,3258
usa,3259
usa,3260
usa,3261
usa,3262
usa,3263
usa,3264
usa,3265
usa,3266
usa,3267
usa,3268
usa,3269
usa,3270
usa,3271
usa,3272
usa,3273
usa,3274
usa,3275
usa,3276
usa,3277
usa,3278
usa,3279
usa,3280
usa,3281
usa,3282
usa,3283
usa,3284
usa,3285
usa,3286
usa,3287
usa,3288
usa,3289
usa,3290
usa,3291
usa,3292
usa,3293
usa,3294
usa,3295
usa,3296
usa,3297
usa,3298
usa,3299
usa,3300
usa,3301
usa,3302
usa,3303
usa,3304
usa,3305
usa,3306
usa,3307
usa,3308
usa,3309
usa,3310
usa,3311
usa,3312
usa,3313
usa,3314
usa,3315
usa,3316
usa,3317
usa,3318
usa,3319
usa,3320
usa,3321
usa,3322
usa,3323
usa,3324
usa,3325
usa,3326
usa,3327
usa,3328
usa,3329
usa,3330
usa,3331
usa,3332
usa,3333
usa,3334
usa,3335
usa,3336
usa,3337
usa,3338
usa,3339
usa,3340
usa,3341
usa,3342
usa,3343
usa,3344
usa,3345
usa,3346
usa,3347
usa,3348
usa,3349
usa,3350
usa,3351
usa,3352
usa,3353
usa,3354
usa,3355
usa,3356
usa,3357
usa,3358
usa,3359
usa,3360
usa,3361
usa,3362
usa,3363
usa,3364
usa,3365
usa,3366
usa,3367
usa,3368
usa,3369
usa,3370
usa,3371
usa,3372
usa,3373
usa,3374
usa,3375
usa,3376
usa,3377
usa,3378
usa,3379
usa,3380
usa,3381
usa,3382
usa,3383
usa,3384
usa,3385
usa,3386
usa,3387
usa,3388
usa,3389
usa,3390
usa,3391
usa,3392
usa,3393
usa,3394
usa,3395
usa,3396
usa,3397
usa,3398
usa,3399
usa,3400
usa,3401
usa,3402
usa,3403
usa,3404
usa,3405
usa,3406
usa,3407
usa,3408
usa,3409
usa,3410
usa,3411
usa,3412
usa,3413
usa,3414
usa,3415
usa,3416
usa,3417
usa,3418
usa,3419
usa,3420
usa,3421
usa,3422
usa,3423
usa,3424
usa,3425
usa,3426
usa,3427
usa,3428
usa,3429
usa,3430
usa,3431
usa,3432
usa,3433
usa,3434
usa,3435
usa,3436
usa,3437
usa,3438
usa,3439
usa,3440
usa,3441
usa,3442
usa,3443
usa,3444
usa,3445
usa,3446
usa,3447
usa,3448
usa,3449
usa,3450
usa,3451
usa,3452
usa,3453
usa,3454
usa,3455
usa,3456
usa,3457
usa,3458
usa,3459
usa,3460
usa,3461
usa,3462
usa,3463
usa,3464
usa,3465
usa,3466
usa,3467
usa,3468
usa,3469
usa,3470
usa,3471
usa,3472
usa,3473
usa,3474
usa,3475
usa,3476
usa,3477
usa,3478
usa,3479
usa,3480
usa,3481
usa,3482
usa,3483
usa,3484
usa,3485
usa,3486
usa,3487
usa,3488
usa,3489
usa,3490
usa,3491
usa,3492
usa,3493
usa,3494
usa,3495
usa,3496
usa,3497
usa,3498
usa,3499
usa,3500
usa,3501
usa,3502
usa,3503
usa,3504
usa,3505
usa,3506
usa,3507
usa,3508
usa,3509
usa,3510
usa,3511
usa,3512
usa,3513
usa,3514
usa,3515
usa,3516
usa,3517
usa,3518
usa,3519
usa,3520
usa,3521
usa,3522
usa,3523
usa,3524
usa,3525
usa,3526
usa,3527
usa,3528
usa,3529
usa,3530
usa,3531
usa,3532
usa,3533
usa,3534
usa,3535
usa,3536
usa,3537
usa,3538
usa,3539
usa,3540
usa,3541
usa,3542
usa,3543
usa,3544
usa,3545
usa,3546
usa,3547
usa,3548
usa,3549
usa,3550
usa,3551
usa,3552
usa,3553
usa,3554
usa,3555
usa,3556
usa,3557
usa,3558
usa,3559
usa,3560
usa,3561
usa,3562
usa,3563
usa,3564
usa,3565
usa,3566
usa,3567
usa,3568
usa,3569
usa,3570
usa,3571
usa,3572
usa,3573
usa,3574
usa,3575
usa,3576
usa,3577
usa,3578
usa,3579
usa,3580
usa,3581
usa,3582
usa,3583
usa,3584
usa,3585
usa,3586
usa,3587
usa,3588
usa,3589
usa,3590
usa,3591
usa,3592
usa,3593
usa,3594
usa,3595
usa,3596
usa,3597
usa,3598
usa,3599
usa,3600
usa,3601
usa,3602
usa,3603
usa,3604
usa,3605
usa,3606
usa,3607
usa,3608
usa,3609
usa,3610
usa,3611
usa,3612
usa,3613
usa,3614
usa,3615
usa,3616
usa,3617
usa,3618
usa,3619
usa,3620
usa,3621
usa,3622
usa,3623
usa,3624
usa,3625
usa,3626
usa,3627
usa,3628
usa,3629
usa,3630
usa,3631
usa,3632
usa,3633
usa,3634
usa,3635
usa,3636
usa,3637
usa,3638
usa,3639
usa,3640
usa,3641
usa,3642
usa,3643
usa,3644
usa,3645
usa,3646
usa,3647
usa,3648
usa,3649
usa,3650
usa,3651
usa,3652
usa,3653
usa,3654
usa,3655
usa,3656
usa,3657
usa,3658
usa,3659
usa,3660
usa,3661
usa,3662
usa,3663
usa,3664
usa,3665
usa,3666
usa,3667
usa,3668
usa,3669
usa,3670
usa,3671
usa,3672
usa,3673
usa,3674
usa,3675
usa,3676
usa,3677
usa,3678
usa,3679
usa,3680
usa,3681
usa,3682
usa,3683
usa,3684
usa,3685
usa,3686
usa,3687
usa,3688
usa,3689
usa,3690
usa,3691
usa,3692
usa,3693
usa,3694
usa,3695
usa,3696
usa,3697
usa,3698
usa,3699
usa,3700
usa,3701
usa,3702
usa,3703
usa,3704
usa,3705
usa,3706
usa,3707
usa,3708
usa,3709
usa,3710
usa,3711
usa,3712
usa,3713
usa,3714
usa,3715
usa,3716
usa,3717
usa,3718
usa,3719
usa,3720
usa,3721
usa,3722
usa,3723
usa,3724
usa,3725
usa,3726
usa,3727
usa,3728
usa,3729
usa,3730
usa,3731
usa,3732
usa,3733
usa,3734
usa,3735
usa,3736
usa,3737
usa,3738
usa,3739
usa,3740
usa,3741
usa,3742
usa,3743
usa,3744
usa,3745
usa,3746
usa,3747
usa,3748
usa,3749
usa,3750
usa,3751
usa,3752
usa,3753
usa,3754
usa,3755
usa,3756
usa,3757
usa,3758
usa,3759
usa,3760
usa,3761
usa,3762
usa,3763
usa,3764
usa,3765
usa,3766
usa,3767
usa,3768
usa,3769
usa,3770
usa,3771
usa,3772
usa,3773
usa,3774
usa,3775
usa,3776
usa,3777
usa,3778
usa,3779
usa,3780
usa,3781
usa,3782
usa,3783
usa,3784
usa,3785
usa,3786
usa,3787
usa,3788
usa,3789
usa,3790
usa,3791
usa,3792
usa,3793
usa,3794
usa,3795
usa,3796
usa,3797
usa,3798
usa,3799
usa,3800
usa,3801
usa,3802
usa,3803
usa,3804
usa,3805
usa,3806
usa,3807
usa,3808
usa,3809
usa,3810
usa,3811
usa,3812
usa,3813
usa,3814
usa,3815
usa,3816
usa,3817
usa,3818
usa,3819
usa,3820
usa,3821
usa,3822
usa,3823
usa,3824
usa,3825
usa,3826
usa,3827
usa,3828
usa,3829
usa,3830
usa,3831
usa,3832
usa,3833
usa,3834
usa,3835
usa,3836
usa,3837
usa,3838
usa,3839
usa,3840
usa,3841
usa,3842
usa,3843
usa,3844
usa,3845
usa,3846
usa,3847
usa,3848
usa,3849
usa,3850
usa,3851
usa,3852
usa,3853
usa,3854
usa,3855
usa,3856
usa,3857
usa,3858
usa,3859
usa,3860
usa,3861
usa,3862
usa,3863
usa,3864
usa,3865
usa,3866
usa,3867
usa,3868
usa,3869
usa,3870
usa,3871
usa,3872
usa,3873
usa,3874
usa,3875
usa,3876
usa,3877
usa,3878
usa,3879
usa,3880
usa,3881
usa,3882
usa,3883
usa,3884
usa,3885
usa,3886
usa,3887
usa,3888
usa,3889
usa,3890
usa,3891
usa,3892
usa,3893
usa,3894
usa,3895
usa,3896
usa,3897
usa,3898
usa,3899
usa,3900
usa,3901
usa,3902
usa,3903
usa,3904
usa,3905
usa,3906
usa,3907
usa,3908
usa,3909
usa,3910
usa,3911
usa,3912
usa,3913
usa,3914
usa,3915
usa,3916
usa,3917
usa,3918
usa,3919
usa,3920
usa,3921
usa,3922
usa,3923
usa,3924
usa,3925
usa,3926
usa,3927
usa,3928
usa,3929
usa,3930
usa,3931
usa,3932
usa,3933
usa,3934
usa,3935
usa,3936
usa,3937
usa,3938
usa,3939
usa,3940
usa,3941
usa,3942
usa,3943
usa,3944
usa,3945
usa,3946
usa,3947
usa,3948
usa,3949
usa,3950
usa,3951
usa,3952
usa,3953
usa,3954
usa,3955
usa,3956
usa,3957
usa,3958
usa,3959
usa,3960
usa,3961
usa,3962
usa,3963
usa,3964
usa,3965
usa,3966
usa,3967
usa,3968
usa,3969
usa,3970
usa,3971
usa,3972
usa,3973
usa,3974
usa,3975
usa,3976
usa,3977
usa,3978
usa,3979
usa,3980
usa,3981
usa,3982
usa,3983
usa,3984
usa,3985
usa,3986
usa,3987
usa,3988
usa,3989
usa,3990
usa,3991
usa,3992
usa,3993
usa,3994
usa,3995
usa,3996
usa,3997
usa,3998
usa,3999
usa,4000
usa,4001
usa,4002
usa,4003
usa,4004
usa,4005
usa,4006
usa,4007
usa,4008
usa,4009
usa,4010
usa,4011
usa,4012
usa,4013
usa,4014
usa,4015
usa,4016
usa,4017
usa,4018
usa,4019
usa,4020
usa,4021
usa,4022
usa,4023
usa,4024
usa,4025
usa,4026
usa,4027
usa,4028
usa,4029
usa,4030
usa,4031
usa,4032
usa,4033
usa,4034
usa,4035
usa,4036
usa,4037
usa,4038
usa,4039
usa,4040
usa,4041
usa,4042
usa,4043
usa,4044
usa,4045
usa,4046
usa,4047
usa,4048
usa,4049
usa,4050
usa,4051
usa,4052
usa,4053
usa,4054
usa,4055
usa,4056
usa,4057
usa,4058
usa,4059
usa,4060
usa,4061
usa,4062
usa,4063
usa,4064
usa,4065
usa,4066
usa,4067
usa,4068
usa,4069
usa,4070
usa,4071
usa,4072
usa,4073
usa,4074
usa,4075
usa,4076
usa,4077
usa,4078
usa,4079
usa,4080
usa,4081
usa,4082
usa,4083
usa,4084
usa,4085
usa,4086
usa,4087
usa,4088
usa,4089
usa,4090
usa,4091
usa,4092
usa,4093
usa,4094
usa,4095
usa,4096
usa,4097
usa,4098
usa,4099
usa,4100
usa,4101
usa,4102
usa,4103
usa,4104
usa,4105
usa,4106
usa,4107
usa,4108
usa,4109
usa,4110
usa,4111
usa,4112
usa,4113
usa,4114
usa,4115
usa,4116
usa,4117
usa,4118
usa,4119
usa,4120
usa,4121
usa,4122
usa,4123
usa,4124
usa,4125
usa,4126
usa,4127
usa,4128
usa,4129
usa,4130
usa,4131
usa,4132
usa,4133
usa,4134
usa,4135
usa,4136
usa,4137
usa,4138
usa,4139
usa,4140
usa,4141
usa,4142
usa,4143
usa,4144
usa,4145
usa,4146
usa,4147
usa,4148
usa,4149
usa,4150
usa,4151
usa,4152
usa,4153
usa,4154
usa,4155
usa,4156
usa,4157
usa,4158
usa,4159
usa,4160
usa,4161
usa,4162
usa,4163
usa,4164
usa,4165
usa,4166
usa,4167
usa,4168
usa,4169
usa,4170
usa,4171
usa,4172
usa,4173
usa,4174
usa,4175
usa,4176
usa,4177
usa,4178
usa,4179
usa,4180
usa,4181
usa,4182
usa,4183
usa,4184
usa,4185
usa,4186
usa,4187
usa,4188
usa,4189
usa,4190
usa,4191
usa,4192
usa,4193
usa,4194
usa,4195
usa,4196
usa,4197
usa,4198
usa,4199
usa,4200
usa,4201
usa,4202
usa,4203
usa,4204
usa,4205
usa,4206
usa,4207
usa,4208
usa,4209
usa,4210
usa,4211
usa,4212
usa,4213
usa,4214
usa,4215
usa,4216
usa,4217
usa,4218
usa,4219
usa,4220
usa,4221
usa,4222
usa,4223
usa,4224
usa,4225
usa,4226
usa,4227
usa,4228
usa,4229
usa,4230
usa,4231
usa,4232
usa,4233
usa,4234
usa,4235
usa,4236
usa,4237
usa,4238
usa,4239
usa,4240
usa,4241
usa,4242
usa,4243
usa,4244
usa,4245
usa,4246
usa,4247
usa,4248
usa,4249
usa,4250
usa,4251
usa,4252
usa,4253
usa,4254
usa,4255
usa,4256
usa,4257
usa,4258
usa,4259
usa,4260
usa,4261
usa,4262
usa,4263
usa,4264
usa,4265
usa,4266
usa,4267
usa,4268
usa,4269
usa,4270
usa,4271
usa,4272
usa,4273
usa,4274
usa,4275
usa,4276
usa,4277
usa,4278
usa,4279
usa,4280
usa,4281
usa,4282
usa,4283
usa,4284
usa,4285
usa,4286
usa,4287
usa,4288
usa,4289
usa,4290
usa,4291
usa,4292
usa,4293
usa,4294
usa,4295
usa,4296
usa,4297
usa,4298
usa,4299
usa,4300
usa,4301
usa,4302
usa,4303
usa,4304
usa,4305
usa,4306
usa,4307
usa,4308
usa,4309
usa,4310
usa,4311
usa,4312
usa,4313
usa,4314
usa,4315
usa,4316
usa,4317
usa,4318
usa,4319
usa,4320
usa,4321
usa,4322
usa,4323
usa,4324
usa,4325
usa,4326
usa,4327
usa,4328
usa,4329
usa,4330
usa,4331
usa,4332
usa,4333
usa,4334
usa,4335
usa,4336
usa,4337
usa,4338
usa,4339
usa,4340
usa,4341
usa,4342
usa,4343
usa,4344
usa,4345
usa,4346
usa,4347
usa,4348
usa,4349
usa,4350
usa,4351
usa,4352
usa,4353
usa,4354
usa,4355
usa,4356
usa,4357
usa,4358
usa,4359
usa,4360
usa,4361
usa,4362
