0.9764633750048158,13.463344050711877,107.666015625,0.03
0.9801795849623274,12.446645809830498,126.04801829268293,0.0725
0.9883857009027857,14.085407981931851,129.19921875,0.0325
0.9650119623148478,13.116325254522042,132.51201923076923,0.045
0.923669690482862,15.73728805286499,143.5546875,0.03
0.9280575051160669,13.961336742230419,126.04801829268293,0.0325
0.9913186407760475,14.935554323716852,129.19921875,0.035
0.9649344529866791,10.543011569665524,132.51201923076923,0.0775
0.9820907741931,12.059758467859478,129.19921875,0.04
0.965093662315991,13.191843668399349,129.19921875,0.0375
0.9287137254297675,16.28125727484629,129.19921875,0.0325
0.7370279592389303,13.666831949691886,126.04801829268293,0.055
0.7582675886789108,15.848440992919048,123.046875,0.025
0.8496719363625751,14.040816387143167,123.046875,0.025
0.9082192278256842,14.118454700538393,123.046875,0.04
0.9459439869914184,16.23118096510384,123.046875,0.0475
0.908354063070806,14.773204789853235,123.046875,0.0275
0.930253694227988,15.125712185686421,123.046875,0.0375
0.7970551525743734,14.983947621704656,120.0,0.025
0.8960968322389441,16.120965149934168,143.5546875,0.0425
0.95963107821788,13.97470224769116,123.046875,0.0525
0.9471703991518694,13.97070607446474,105.46875,0.0425
0.7821848511550842,16.623554667531025,129.19921875,0.035
0.9178682396883318,13.044901200112037,129.19921875,0.035
0.9740539630026688,12.667722528793703,129.19921875,0.0325
0.5982203299613946,14.45322454090924,123.046875,0.0475
0.8937492777210811,13.82860414334839,117.45383522727272,0.0275
0.9861907896986106,11.318503554097664,126.04801829268293,0.045
0.9604337818464032,11.787751183183744,126.04801829268293,0.045
0.993537280713544,13.070346416310883,123.046875,0.0425
0.9162123928797391,12.374399555805546,123.046875,0.06
0.9206008318127684,14.873842918022513,139.6748310810811,0.025
0.9914562827253302,14.198289776135317,139.6748310810811,0.035
0.8895426090823144,12.818834760759412,129.19921875,0.04
0.9810808570805113,15.930557666931552,126.04801829268293,0.0525
0.840159636942128,14.44585875214834,123.046875,0.035
0.7555173731099369,13.403843884507651,123.046875,0.0325
0.817142129594859,13.806558406968918,126.04801829268293,0.065
0.9810808570805113,15.930557666931552,126.04801829268293,0.0525
0.9163213396045979,13.240378549780257,126.04801829268293,0.05
0.840159636942128,14.44585875214834,123.046875,0.035
0.8837714474435415,13.084280128166954,123.046875,0.0475
0.6859358520174978,14.736156504584244,123.046875,0.0525
0.8923540343112224,12.287268114015106,125.0,0.025
0.9445960819895514,13.716600754175465,129.19921875,0.035
0.9514609056023514,13.012783712899273,126.04801829268293,0.0425
0.9676134952676908,11.340602089525618,126.04801829268293,0.0425
0.9603869805237815,11.370750660111604,126.04801829268293,0.0325
0.8669753271559965,13.295252820857748,126.04801829268293,0.0275
0.9043536425938474,13.754800920908105,126.04801829268293,0.0375
0.8067211623178454,13.49116469798009,125.0,0.0575
0.8066592507155883,15.6068652785323,123.046875,0.0375
0.770197318906747,13.302060529595218,117.45383522727272,0.0325
0.9119619077182903,11.620269411188799,123.046875,0.0725
0.8281931960744029,10.816790808196291,126.04801829268293,0.0825
0.8419033599910837,13.572919276240093,126.04801829268293,0.035
0.8986057128468258,14.90809864313941,123.046875,0.035
0.9187574580750518,13.2480726997679,123.046875,0.025
0.9695506928189124,12.689860928583073,129.19921875,0.0425
0.9602185220552798,11.867163511409293,132.0,0.055
0.8368558198745365,12.683546777994092,135.99917763157896,0.06
0.7637840053777696,13.101206938404603,139.6748310810811,0.0525
0.9404093253988024,12.97159046815031,132.51201923076923,0.0475
0.9957988426667697,12.596504398168285,129.19921875,0.0225
0.925114147262371,14.782954780274007,126.04801829268293,0.0475
0.9457327317372193,13.934661376883987,117.45383522727272,0.0425
0.9117248231353952,12.865609103049591,123.046875,0.0425
0.9801922720322892,11.440442227130504,123.046875,0.03
0.9087631464073994,15.03238813867846,120.18531976744184,0.04
0.9086453146197564,12.536951339043616,126.04801829268293,0.0425
0.9136115710242703,10.816714049950361,126.0,0.0475
0.8863545852833186,13.789173835686903,130.0,0.06
0.8886837440439861,13.055381091613338,129.19921875,0.0525
0.8598133225950878,13.580844913906592,129.19921875,0.05
0.8553507190749623,13.230430473406393,123.046875,0.0375
0.9098984443108007,14.336565158956226,123.046875,0.0275
0.9406958902217546,14.281950412306031,123.046875,0.035
0.9709113809066765,12.276476863496384,135.99917763157896,0.0625
0.9949454043300747,13.97940008672039,143.5546875,0.04
0.9790949046836508,14.062317040779153,139.6748310810811,0.05
0.9838385854728848,12.4508049387536,132.51201923076923,0.0325
0.9551303328006776,9.180808097086068,139.6748310810811,0.0575
0.965256843962327,9.226236056805025,139.6748310810811,0.045
0.9924889961393266,10.278162425823934,135.99917763157896,0.075
0.9671502145422786,12.040224461771352,123.046875,0.05
0.947741266690586,12.600334990197428,120.18531976744184,0.0425
0.958500076922194,14.193441939876834,129.19921875,0.0375
0.9754270994687655,12.066465988587439,123.046875,0.0275
0.9598251106975836,11.88572578068511,126.04801829268293,0.0475
0.8471015257416876,14.116552731999228,123.046875,0.0275
0.9651965230210395,11.838434370103846,123.046875,0.0375
0.9593264823936332,11.695968595216435,132.51201923076923,0.0375
0.9015756450489503,13.31174342803407,139.6748310810811,0.0525
0.955707811336344,13.34492744591478,139.6748310810811,0.05
0.3946491736748849,10.3936056082098,139.6748310810811,0.02
0.9825659355694149,12.858880712275855,139.6748310810811,0.05
0.9147819035297248,12.27771922007314,143.5546875,0.04
0.9263989621895456,11.731032841996983,143.5546875,0.025
0.9577352529537588,16.673753908523388,123.046875,0.045
0.9624598770100806,13.372322143745059,126.04801829268293,0.0325
0.922399382591198,12.380250272988299,126.04801829268293,0.025
0.9813061894766316,11.91563014972415,123.046875,0.05
0.7636433806662777,11.272539967913865,129.19921875,0.07
0.9634083633904632,11.63120076262473,138.0,0.0375
0.9171674264372653,14.320396848940945,123.046875,0.0475
0.9005352331339556,14.914839955048304,123.046875,0.0425
0.9316152746670632,14.000104601793803,126.04801829268293,0.03
0.863576606989322,16.003904908568146,123.046875,0.0175
0.8715854184580689,15.957802150886696,123.046875,0.0175
0.7571010576583678,14.054602867853966,123.046875,0.0325
0.9134407163189691,12.411207149536732,120.18531976744184,0.0275
0.975942785313626,14.693352171755723,123.046875,0.0375
0.8781563583681011,13.875196527901245,123.046875,0.0375
0.820180727564192,13.690288578623887,123.046875,0.0275
0.8201366167662216,13.746081387589886,123.046875,0.045
0.7951948498854784,12.131132215897496,120.18531976744184,0.0625
0.9769469892062981,11.045411351651442,114.84375,0.0475
0.9327055750028707,13.474220668496995,126.04801829268293,0.0525
0.8265775032821328,13.517337417199633,123.046875,0.0275
0.8942172262438797,13.996829787528306,117.45383522727272,0.0425
0.9426064284056843,13.035339949609021,126.0,0.0375
0.9564228841923297,13.688806348690806,126.04801829268293,0.04
0.9705714173246878,11.144624041037488,123.046875,0.0975
0.9082158601133443,13.286690895772457,123.046875,0.06
0.941598093822141,11.785792179063035,126.04801829268293,0.0875
0.9761644980970872,12.332255412563397,132.0,0.065
0.9671761358909944,11.143677350001752,117.45383522727272,0.075
0.5795281869366057,13.508311641865795,123.046875,0.04
0.6951285770785869,12.869391863398944,114.84375,0.0225
0.9356885996583396,10.902232426973608,126.04801829268293,0.04
0.9651741193832486,10.831868786382472,126.04801829268293,0.035
0.7880010248886705,13.388955037308254,117.45383522727272,0.0225
0.9347546413268437,13.142755520512523,132.51201923076923,0.0525
0.9708216402067862,13.080121309927785,129.19921875,0.0675
0.929596156698212,12.667909397197754,120.18531976744184,0.04
0.7722256698327429,13.076516279984148,117.45383522727272,0.03
0.8466816679523843,12.165823688605736,117.45383522727272,0.04
0.9122703581596576,13.53017622593564,117.45383522727272,0.0325
0.9141735797020528,13.17733749952095,117.45383522727272,0.03
0.7851784363759977,13.621054765290205,114.84375,0.025
0.9013817629486256,14.055565220266086,120.18531976744184,0.0375
0.8203281584719503,12.858835070972157,120.18531976744184,0.04
0.9270516472485081,13.109230362232635,117.45383522727272,0.0425
0.9239922021129081,12.69733194864661,132.51201923076923,0.0775
0.910465061022398,10.82099750663646,129.19921875,0.0475
0.9790037687989108,13.172782505477649,120.18531976744184,0.035
0.8211009225996264,13.399069181840666,120.0,0.0575
0.9654948267734962,13.960517921434228,126.04801829268293,0.0325
0.6585947039040039,12.548798621721769,117.45383522727272,0.0375
0.7729019411756081,13.703679993305984,126.04801829268293,0.0425
0.9684333107841173,13.97940008672039,123.046875,0.0225
0.7114533756100749,14.591961021609968,120.18531976744184,0.03
0.8730122857145092,12.740480071715972,120.18531976744184,0.0875
0.8703586246906847,12.949604075159856,117.45383522727272,0.06
0.9642393775851366,13.249939169388835,117.45383522727272,0.065
0.9291168158815548,13.59216887194177,120.18531976744184,0.0575
0.9144751354259155,13.381406441287602,123.046875,0.05
0.9592583654637448,11.753758443322488,120.18531976744184,0.0325
0.9531962055189134,12.04760108590487,126.04801829268293,0.0325
0.9902283761572447,11.579643681550511,120.18531976744184,0.03
0.8514696151370441,11.051067109319838,123.046875,0.015
0.9815661473663934,10.958805302170322,120.18531976744184,0.04
0.9704930212690474,12.668382624482819,114.84375,0.0275
0.8711247209865535,12.764249965924126,117.45383522727272,0.0225
0.9210783477206697,12.847881838547384,114.84375,0.04
0.9038944197451082,12.298143299020488,126.04801829268293,0.0625
0.9741018128929206,13.38522833207059,129.19921875,0.0425
0.7756025099452131,16.596881564294602,123.046875,0.0525
0.9868411146735326,12.634633053448283,126.04801829268293,0.0425
0.9676712264076012,13.466148828075482,126.04801829268293,0.0425
0.8596749455956776,13.44940639264875,125.0,0.0325
0.9674049969478808,12.71124533686517,121.0,0.035
0.8544361116234263,13.7298287146113,120.18531976744184,0.0425
0.5171068394937439,10.913113836468202,120.18531976744184,0.0225
0.4008770391188953,10.453325140055341,120.18531976744184,0.0225
0.6470893114124566,10.981004664519912,120.18531976744184,0.0225
0.8968531567840404,13.638620279413834,120.18531976744184,0.0525
0.8905553892167424,13.086757368256134,116.0,0.03
0.9513369926981118,11.695848675043962,123.046875,0.0775
0.9163635617989148,11.694388962501584,123.046875,0.05
0.8539579325789648,13.98607502366666,120.18531976744184,0.07
0.9588828541616465,12.816631186996437,125.0,0.03
0.9563973139411595,13.650659105930881,123.046875,0.0375
0.9554131616798859,13.24830360557279,123.046875,0.0475
0.9473207338293886,13.314935237309022,123.046875,0.0425
0.9239189380948662,11.708539502599052,123.0,0.04
0.905192778014323,11.937229910511213,122.0,0.03
0.9210569618625783,12.2767913622952,117.45383522727272,0.0325
0.9749712840667684,14.471160554178086,129.19921875,0.05
0.8068248441802753,13.626737701001051,129.19921875,0.035
0.7723930230225694,10.861148722910274,129.19921875,0.045
0.7668530537035005,14.487964883285157,133.0,0.0625
0.6188992242044351,14.101340031175678,132.0,0.025
0.9467105080431896,11.380490426907691,120.18531976744184,0.045
0.7274275608910094,12.362417822403511,130.0,0.02
0.9871216311495163,11.873467179471053,127.60416666666669,0.065
0.8946908357022111,12.974366051086506,129.19921875,0.0375
0.993286700136433,12.286838803403688,126.04801829268293,0.035
0.9548672346547464,12.355432047929485,123.046875,0.03
0.9675167351226897,11.887474167886213,123.046875,0.035
0.9702823271284536,12.439932099343892,123.046875,0.0625
0.9840807190392716,13.5652466111547,126.04801829268293,0.0475
0.9395939756973836,10.799204588879096,126.04801829268293,0.045
0.994617623556256,13.61643156928836,126.04801829268293,0.04
0.9893567122865607,13.72691701197233,129.19921875,0.06
0.8822801131167397,13.922292500698823,123.046875,0.025
0.8917927281338878,9.22642223762768,124.52936746987952,0.0375
0.9475217280679407,11.251172364616965,123.046875,0.03
0.9459933563072904,11.2076570294236,126.04801829268293,0.0325
0.9478887585894803,12.054921473485171,123.046875,0.05
0.951148790399851,12.858102426011984,123.046875,0.0425
0.9668720509883968,12.290307362529202,124.0,0.035
0.9286167341232708,14.353690100423815,123.046875,0.035
0.9656863702903608,13.063040286039584,123.046875,0.045
0.9607144318167432,14.820985850170677,123.046875,0.0275
0.9390596574836174,14.528228452567198,123.046875,0.0425
0.970126289587231,14.163025846184604,123.046875,0.045
0.8553230178829656,14.48633288854679,123.046875,0.025
0.8692172916837264,14.931410184928437,123.046875,0.0325
0.991202133733545,13.579097580025575,123.046875,0.0175
0.9773622988017794,12.402519059970153,117.45383522727272,0.0275
0.933701923511432,15.927689807724086,125.0,0.0225
0.8919825457588939,13.828481683680444,129.19921875,0.035
0.6324688664422563,14.605548941781514,117.45383522727272,0.0275
0.9739329791496844,13.97940008672039,129.19921875,0.03
0.8875609450232234,13.026310404942507,123.046875,0.0425
0.963848629964771,12.022124491927485,123.046875,0.0275
0.913662812958468,12.029085371733952,126.04801829268293,0.0725
0.9826734092768553,12.254723162810386,126.04801829268293,0.0325
0.9700137332420902,14.25263299298818,126.04801829268293,0.06
0.9657488350510708,12.67330444858318,126.04801829268293,0.0625
0.9906545943790988,10.996366869707822,126.04801829268293,0.075
0.9085587583554008,13.300015071816588,124.0,0.04
0.8696537576210968,11.414581454777572,126.04801829268293,0.0475
0.7737773189971144,11.96075493833262,126.04801829268293,0.0375
0.8873799375426802,12.33370573138577,124.0,0.065
0.9849884664582252,13.932522648421763,123.046875,0.0425
0.946833903685112,12.825650455905777,123.046875,0.0275
0.9508365149849759,9.74312492549047,123.046875,0.0675
0.485125440297779,16.268191112976233,126.04801829268293,0.035
0.4836182858025888,15.914783336599111,126.04801829268293,0.0475
0.5919764980604906,15.806596688211336,126.04801829268293,0.0325
0.9475343067422912,13.382193855331447,126.04801829268293,0.0475
0.8749101591268542,11.368751119457364,120.18531976744184,0.08
0.9909033247601512,14.030388930900727,120.18531976744184,0.0575
0.987765814885397,13.132800027925768,107.666015625,0.0325
0.9708228769650248,12.853846875878943,123.046875,0.03
0.9761612465827918,13.328893576966934,117.45383522727272,0.0275
0.9098155697047776,13.179666788712863,120.18531976744184,0.0275
0.9459426922277382,12.887812812515657,120.18531976744184,0.0375
0.9683393944216176,13.379778013274068,125.0,0.055
0.9333538947232665,13.446833283762942,117.45383522727272,0.025
0.9332893296080579,12.043121632582139,120.18531976744184,0.0475
0.949814149525105,12.559491053830795,123.046875,0.0225
0.9585226437943768,12.658614980917978,120.18531976744184,0.05
0.9293082924881286,13.120970570884326,109.9567819148936,0.0425
0.9935734205092179,11.549465372020498,123.046875,0.05
0.9592708158963927,11.653865498075739,120.18531976744184,0.035
0.9143872881949404,12.207040008663968,123.046875,0.0675
0.8672861165195506,14.144468059471912,129.19921875,0.0425
0.9133454182964912,11.72296576684624,123.046875,0.0375
0.8815237516582493,11.532503788457817,123.046875,0.0675
0.9803024608044939,13.37836975598026,120.18531976744184,0.045
0.932802873444462,12.465669314690802,123.046875,0.065
0.8784809105932441,13.39676334626012,123.046875,0.06
0.8688466430173961,13.18541282584195,126.04801829268293,0.0725
0.7497353374638258,13.77198013176324,117.45383522727272,0.0425
0.6624390280874211,12.51408912464968,117.45383522727272,0.055
0.9812391854274236,11.780714271923848,123.046875,0.055
0.951618444124598,12.849250979936784,123.046875,0.0525
0.9739511098605436,11.535952256010077,126.04801829268293,0.055
0.936896543535054,14.150332398520046,114.84375,0.05
0.8591918021578608,12.76388468394568,120.18531976744184,0.05
0.8822485778949684,12.848823015284829,123.046875,0.0375
0.83907030523127,13.683703773973036,107.666015625,0.03
0.8721531363300459,13.306359414315805,107.666015625,0.035
0.9449076282283944,12.46255874355267,129.19921875,0.0475
0.5799514473692996,12.946161874846567,123.046875,0.035
0.7354974157505997,13.456206512643478,123.046875,0.03
0.8637481009566128,13.161836408190716,126.04801829268293,0.0325
0.9576748019770556,11.774502700575706,123.046875,0.05
0.93706326938433,12.723563831274449,126.04801829268293,0.045
0.9833613430504431,10.181491866631143,126.04801829268293,0.0475
0.8419077713212705,14.208970808910932,123.046875,0.02
0.8578478829735254,13.97940008672039,120.18531976744184,0.0275
0.9257493909613084,12.9278974927849,129.19921875,0.0375
0.9112397576777838,13.288593193279732,117.45383522727272,0.0275
0.9714693421971772,13.145665709830746,120.0,0.0625
0.9085707029167476,13.14498507566395,120.18531976744184,0.0275
0.9359405283256399,11.92090525235848,123.046875,0.05
0.9696374147207844,12.864779254524334,126.04801829268293,0.0325
0.9064765363097242,14.206431148119155,120.18531976744184,0.0275
0.8804678828865988,12.516782294166159,120.18531976744184,0.0375
0.9777782797000854,11.385666345326285,120.0,0.045
0.8985531877478047,13.160839762044109,123.046875,0.0475
0.9886631671450015,11.956494190709565,123.046875,0.035
0.9909187362851397,10.15863812530222,123.046875,0.0325
0.9175043874749412,11.789456360058551,112.34714673913044,0.0325
0.9712119840672977,12.546168889505303,126.04801829268293,0.0225
0.9150344880574216,12.83802448547321,120.18531976744184,0.025
0.8620860990170469,11.739011820847985,120.18531976744184,0.0325
0.9839967246575851,13.742969665212929,123.046875,0.0575
0.958667993515662,13.988151982075465,123.046875,0.0775
0.979371724012638,13.12956072219748,123.046875,0.0675
0.9380844778695168,12.605895127886544,123.046875,0.0575
0.9267810850809433,14.354235269667178,123.046875,0.0275
0.9894794831813906,13.17238141666506,122.0,0.05
0.8693835419834791,14.740301622369962,120.18531976744184,0.0775
0.8986179626088097,12.896896703290953,114.84375,0.0325
0.9216942540534082,12.361578792414921,114.84375,0.0325
0.9012086927486684,13.363560399619589,120.18531976744184,0.0225
0.8472600561107408,13.420563793276033,117.45383522727272,0.065
0.857620654209415,13.84463970904772,114.84375,0.0475
0.9844430466350436,13.380756638700472,117.45383522727272,0.07
0.7376065215163817,13.141589638450636,122.0,0.09
0.8748449182596185,13.602248194704302,117.45383522727272,0.055
0.97103747651526,11.19027559356069,120.18531976744184,0.06
0.8536080868517426,14.152594188850294,123.046875,0.0275
0.8614325987029265,14.54408875373559,123.046875,0.0325
0.9744226007379633,11.941084576248201,123.046875,0.0475
0.956641975794926,12.651133421337835,123.046875,0.035
0.9646093909339684,12.479435564490068,123.046875,0.0575
0.9675685031962136,12.990869517653755,120.18531976744184,0.035
0.9624579809561522,13.697149836645176,120.18531976744184,0.035
0.9418780481593715,12.83236949241142,123.046875,0.0525
0.9533808750387583,12.03058468431663,120.18531976744184,0.0425
0.8762161987776935,13.527486873992704,117.45383522727272,0.0375
0.9213029228883955,11.98498669221274,123.046875,0.0675
0.9916656830773727,11.143652171055198,126.04801829268293,0.0275
0.9237486229980181,10.723006613611368,126.04801829268293,0.03
0.947142617687868,8.6015208219615,123.046875,0.025
0.9799107612421656,10.896997056193138,124.52936746987952,0.045
0.9827574133375074,10.451265434093045,126.04801829268293,0.03
0.9655356770666008,11.624533663820902,120.18531976744184,0.05
0.9160816707882256,12.055218341725407,122.0,0.0675
0.9869228730949495,10.852459238041774,123.046875,0.035
0.9379299369970646,13.045192823059182,120.18531976744184,0.03
0.9445938226884769,11.006881227103397,123.046875,0.0375
0.8263582782010815,11.636423312950276,120.18531976744184,0.0525
0.9672593656152182,13.052310585094604,123.046875,0.0275
0.9094333926592272,13.523554654292564,114.84375,0.0275
0.9404945932367538,12.794357311639349,123.046875,0.0325
0.9825066990068622,13.176967773948892,123.046875,0.03
0.9393296352362848,13.178475987984449,123.046875,0.0375
0.955718895091094,12.62156591900649,112.34714673913044,0.04
0.9419531027990716,12.52124108601094,117.45383522727272,0.0375
0.9806848542900848,13.482352329022511,120.18531976744184,0.04
0.852274189679358,12.992935355757849,120.18531976744184,0.0425
0.8609819788882016,12.5287785118073,120.18531976744184,0.0375
0.9651302757062502,12.444906995192774,120.18531976744184,0.0325
0.8487354372557598,12.992789472248464,123.046875,0.035
0.9239189380948662,11.708539502599052,123.0,0.04
0.9815661473663934,10.958805302170322,114.0,0.04
0.9877672281416592,10.87515105153085,114.84375,0.0575
0.9597412698560266,11.6302822042054,126.04801829268293,0.045
0.5566433228419531,12.764168166796916,120.18531976744184,0.075
0.9238840533126758,12.964494244155684,123.046875,0.065
0.9406622816313164,12.566118555077614,120.18531976744184,0.0325
0.9194011875649114,13.566327694470917,120.18531976744184,0.0525
0.9724039358929696,10.79730012272315,123.046875,0.08
0.9728178078696728,10.52915625308499,123.046875,0.085
0.974302165433875,12.092727815584091,123.046875,0.0475
0.9780630986825768,11.819082382014756,123.046875,0.08
0.9018199635330815,10.397540555333528,123.046875,0.04
0.9696433642655216,10.616122204596213,120.18531976744184,0.0325
0.8752103103755838,12.777437278778804,123.046875,0.05
0.9422419593719594,12.330889725968039,123.046875,0.065
0.9854449290611988,11.646905272421517,120.18531976744184,0.025
0.9733006823701686,12.331660218516022,123.046875,0.0525
0.9084023763590532,13.912858303595325,124.52936746987952,0.07
0.9808065122012652,14.242238873305176,120.18531976744184,0.03
0.9450294301075852,11.708780161739254,123.046875,0.04
0.9381489102659404,12.560710727573897,126.04801829268293,0.035
0.9076037187525682,12.930343578022402,123.046875,0.03
0.978707158654994,12.847212292918591,123.046875,0.05
0.8319929763585686,12.49274327891452,123.046875,0.06
0.922399382591198,12.380250272988299,126.04801829268293,0.025
0.8722889545815495,14.074410725982043,123.046875,0.0375
0.93191451559648,11.789438592821984,120.18531976744184,0.0225
0.9279122137528492,13.623788229716352,122.0,0.0325
0.964709416208225,13.832660291778744,123.046875,0.0325
0.9789467835974228,14.600266947047574,123.046875,0.0275
0.9323672105939365,14.48078786914027,123.046875,0.025
0.877772927423286,14.67358094105199,123.046875,0.02
0.9651845322327254,12.47382169108241,123.046875,0.0425
0.9209082784127096,11.339938731549239,120.18531976744184,0.0225
0.9455774148580436,12.6201115493338,120.18531976744184,0.0325
0.5507751149758802,14.557648008635255,120.18531976744184,0.03
0.453572650692195,14.096465883689019,117.45383522727272,0.0525
0.9280008483493465,12.60542667252121,126.04801829268293,0.0275
0.9784973725470524,12.149797740157029,123.046875,0.06
0.9844355105208368,12.145494116042244,129.19921875,0.0675
0.7692649580654662,12.644992009152457,120.18531976744184,0.0625
0.9237545594642412,12.076699129703389,120.18531976744184,0.03
0.9178500492446025,13.891059758277995,123.046875,0.0275
0.8394743870329523,12.014876341700562,120.18531976744184,0.0225
0.976004182405346,13.196792078812129,123.046875,0.0375
0.8559303305016442,11.822174143565068,123.046875,0.055
0.8621222346134942,12.78199787805452,123.046875,0.0725
0.9380463456399244,11.804063236818244,123.046875,0.0675
0.9459598291285194,14.044203784942322,123.046875,0.0275
0.9683336989061364,13.445888517037034,120.18531976744184,0.0325
0.9484768220845147,12.192390177281439,120.18531976744184,0.0375
0.9836776042397193,13.272695687666289,117.45383522727272,0.0225
0.9387862706954493,12.858052359733996,123.046875,0.0375
0.9917714619857476,11.689123267691096,123.046875,0.045
0.969425567289115,12.076734758279272,117.45383522727272,0.035
0.9809075748902762,11.391622993156847,120.18531976744184,0.0325
0.977592225295039,11.427653450187368,123.046875,0.05
0.8300260017400491,13.348874044120098,120.18531976744184,0.0475
0.6881069788380477,15.124376565114584,114.84375,0.0275
0.7944322536358818,15.05770492371903,117.45383522727272,0.035
0.8044482971353178,14.458085212146129,117.45383522727272,0.0325
0.83214078221332,12.045389900537426,114.84375,0.0425
0.7378643299419575,13.336432140888864,117.45383522727272,0.0425
0.9139159676619325,13.432566883296003,114.0,0.03
0.9642257880633252,13.016542624219683,120.18531976744184,0.045
0.9409845007283388,13.57681676339878,117.45383522727272,0.0525
0.7707380793971828,12.716224475516327,123.046875,0.025
0.922769705274427,12.59583928662287,123.046875,0.0375
0.914663399078535,12.82095324851605,129.19921875,0.055
0.9012191731649908,13.919104337516236,129.19921875,0.0325
0.9950579713394324,10.08739144596266,117.45383522727272,0.0525
0.9871255002167454,12.223592741822284,123.046875,0.0375
0.9495917229601764,13.542316482305557,123.046875,0.0375
0.8973224211342066,11.167188494843067,123.046875,0.03
0.8891853278180798,10.590095952980576,123.046875,0.0275
0.37900778643727784,11.850686173003297,123.046875,0.0375
0.9483811155560753,14.275431391498469,123.046875,0.055
0.9682935018930452,14.295836709384028,123.046875,0.0425
0.9510556500550414,12.417118490959004,123.046875,0.04
0.9120639441296584,13.69819226487358,129.19921875,0.045
0.9595061352695997,14.23082516041491,126.04801829268293,0.0475
0.9216190345777986,14.377797179435888,128.0,0.05
0.8891631026837189,13.97940008672039,136.0,0.0225
0.8909422149958511,14.661952523015678,135.99917763157896,0.04
0.987619685050116,12.552775195759375,129.19921875,0.025
0.9988584000084826,11.255098105758497,128.0,0.0275
0.9924773539794496,13.49902690916642,123.046875,0.0325
0.8739431385009686,16.147757137336974,123.046875,0.0425
0.9602813138854744,14.404187379369924,123.046875,0.025
0.9617060108708952,11.054235557380018,139.6748310810811,0.025
0.8751081844250428,13.97940008672039,129.19921875,0.02
0.9837478462794268,14.594998057588594,117.45383522727272,0.035
0.9873216624526551,12.497193763868413,129.19921875,0.0475
0.9836229030301912,12.96462696688073,129.19921875,0.045
0.9008040200758818,13.344370893060228,129.19921875,0.0525
0.9957050003846406,10.331915044378858,126.04801829268293,0.03
0.9764996944430272,11.618974792174852,129.19921875,0.0625
0.9929393227582188,11.594914240973864,129.19921875,0.0575
0.9637812465999692,12.35671224155503,123.046875,0.045
0.9772988687953993,12.244527215332353,129.19921875,0.0675
0.956040435535526,13.6340654928897,142.0,0.0275
0.9577950172158464,12.502528155074176,123.046875,0.03
0.7821848511550842,16.623554667531025,129.19921875,0.035
0.7403872979752046,15.584577321918358,129.19921875,0.04
0.8343638633492241,13.948059610539378,127.60416666666669,0.0325
0.6830891000105783,15.600208852711003,125.0,0.0225
0.6117381295989812,15.088905659916636,126.04801829268293,0.0325
0.7578824331492693,13.758433252829054,126.04801829268293,0.03
0.7998215537507475,13.974859737845303,109.9567819148936,0.025
0.7702466036942471,12.99345954894935,120.18531976744184,0.03
0.7071718500167322,13.384362256337734,124.0,0.0325
0.7312151282863423,14.41530263541488,135.99917763157896,0.0275
0.6350619867568518,12.215563826050687,126.04801829268293,0.0675
0.9391705789106459,12.112851918702908,126.04801829268293,0.0575
0.9358998689269795,11.26591708926935,126.04801829268293,0.06
0.9206460621585044,11.650302786738802,126.04801829268293,0.06
0.6764434855419732,11.036041548866208,129.19921875,0.06
0.9525484366508601,11.665008943172102,126.04801829268293,0.06
0.7723226579180044,12.289273444259933,126.04801829268293,0.055
0.975080014271338,12.799681448830912,129.19921875,0.0425
0.8930950204596599,13.804433475279978,126.04801829268293,0.0225
0.9749901146324064,12.417698120126104,126.04801829268293,0.0225
0.9640558109403454,12.230842982218917,123.046875,0.03
0.9149642974110864,11.49225111132915,126.04801829268293,0.0275
0.9573269086685848,13.026388245776616,123.046875,0.0225
0.9712119840672977,12.546168889505303,126.04801829268293,0.0225
0.9394490486197786,13.537918529448811,123.046875,0.0275
0.940805147218408,13.97940008672039,129.19921875,0.0475
0.9938801987056032,14.90593776058607,126.04801829268293,0.05
0.9622202147606926,12.66221446239328,135.99917763157896,0.0525
0.9920169206794854,9.633851208505009,132.51201923076923,0.06
0.9944534814797288,10.25259623697874,135.99917763157896,0.0675
0.9885280668154188,11.427213150495842,135.99917763157896,0.055
0.9847224372264114,12.64943264394228,135.99917763157896,0.0675
0.8311188954603186,16.550067962604107,135.99917763157896,0.0175
0.9904592398711252,10.080902826333055,107.666015625,0.0325
0.9402992634240515,11.835741546072374,129.19921875,0.0525
0.8725840206159983,13.51538114396618,120.18531976744184,0.0375
0.9279306099630307,13.789614395183902,132.51201923076923,0.03
0.9870815277501276,13.589316307819203,120.18531976744184,0.0475
0.9896939475319604,12.724752108219915,120.18531976744184,0.0325
0.9895130684222824,12.238241689638327,123.046875,0.035
0.9375001653810693,13.237336935218906,126.04801829268293,0.035
0.8397274272947384,14.047703633756628,126.04801829268293,0.045
0.9637258180231771,14.05605400250424,126.04801829268293,0.0375
0.8648299371671916,12.922865836107723,126.04801829268293,0.0375
0.8667518302259428,14.93712094728514,129.19921875,0.04
0.9839817820200618,10.96339396245114,126.04801829268293,0.0575
0.9915238135608473,10.714691575926114,123.046875,0.07
0.9860222377669372,11.179057092795247,126.04801829268293,0.0775
0.9782047868026361,9.760344522664479,123.046875,0.04
0.9854248417464302,9.68673821047972,126.04801829268293,0.0525
0.8985082369375706,12.983186749881435,127.0,0.0525
0.9549464775950212,13.045004774278647,126.04801829268293,0.035
0.9223622332575644,12.482094936695166,123.046875,0.0325
0.8471092789858402,15.154761819663165,122.0,0.0325
0.85342025971138,14.598902524142613,120.0,0.035
0.9348543249918784,13.952179890267171,122.0,0.0375
0.9571326912208168,14.304807857096195,123.046875,0.0275
0.9659375396288736,13.216143148029529,126.04801829268293,0.06
0.95150033786521,14.321395091926044,129.19921875,0.0525
0.6704620033623909,14.308762881245833,126.04801829268293,0.0375
0.9844939594220703,11.38057512631363,126.04801829268293,0.07
0.9595332800686498,12.708744657918022,126.04801829268293,0.0425
0.8821028117799897,11.934586833178546,129.19921875,0.045
0.9492901341639883,13.623995310711269,132.51201923076923,0.0275
0.9658559848339712,12.093076719256754,129.19921875,0.025
0.9342763639406316,13.062522247987488,129.19921875,0.0275
0.9494297715541088,13.076560792352556,126.04801829268293,0.0275
0.9204585198019716,12.54843427019292,124.0,0.0325
0.9630865573282531,12.767684783606086,124.0,0.035
0.8421144578095747,12.935821610731644,126.04801829268293,0.02
0.7988036254896225,13.887654387602023,126.04801829268293,0.0375
0.8067750198369438,13.834728680707952,126.04801829268293,0.0475
0.7976326112629193,13.794069475569437,126.04801829268293,0.05
0.9035786384731036,10.739573535822725,143.5546875,0.03
0.9812834979851384,10.900437970444392,143.5546875,0.03
0.9580459957281137,15.477734984075362,129.19921875,0.0425
0.9500129310114578,13.543545909777167,129.19921875,0.05
0.9796702369317479,14.355917468289404,129.19921875,0.045
0.7209623537507366,13.855241266418382,130.0,0.0375
0.9848635169909824,14.118416146248615,135.0,0.08
0.9235825874147746,14.419457521744956,126.04801829268293,0.025
0.9211957078280985,14.312305090998088,128.0,0.0225
0.962223676335962,13.759492283836822,126.0,0.025
0.9905642739870661,12.84566390048872,126.04801829268293,0.03
0.96522155707441,11.690292376116506,126.04801829268293,0.0675
0.9289457867303927,12.739520957761005,126.04801829268293,0.055
0.7915043859984723,12.400261182576674,126.04801829268293,0.035
0.8356669607018464,12.182304177752885,120.18531976744184,0.045
0.9376072848982956,12.446198112889627,126.04801829268293,0.0525
0.9339967649204922,11.4962595828605,123.046875,0.0525
0.9391047431701012,11.99902384099564,125.0,0.055
0.9435582085064552,12.457639746017133,126.04801829268293,0.04
0.9626455476119569,10.168805163155461,129.19921875,0.04
0.9502447607058762,11.378890340521533,123.046875,0.0475
0.9706383524196698,12.807699628750033,127.60416666666669,0.065
0.9166530900042072,11.904866990220638,120.18531976744184,0.03
0.9421405701211745,12.124848057902707,120.18531976744184,0.0375
0.8582888361398329,10.84795174766252,123.046875,0.04
0.822731486194104,13.648052136762937,126.04801829268293,0.055
0.7760670240983427,13.226457787460236,126.04801829268293,0.045
0.9060678290676292,10.839608896921924,123.046875,0.045
0.9442717978779168,13.287591205014175,126.04801829268293,0.0575
0.901297569227178,12.872486856363045,123.046875,0.0425
0.9168306008093485,12.496551162596905,129.19921875,0.035
0.8907186129314593,11.886585514748777,120.18531976744184,0.0275
0.8749490773013734,14.165709078790059,123.046875,0.035
0.8623642641963907,13.962599968290636,129.19921875,0.03
0.7609720708872649,14.171391167229613,126.04801829268293,0.0225
0.89285313681236,13.442455548156055,129.19921875,0.0525
0.6688515808730311,15.533824336074982,129.19921875,0.0475
0.9295313796265883,13.027438734539334,125.0,0.03
0.9383056276480944,12.693101065257077,123.046875,0.035
0.9042266265174683,14.051865960065637,123.046875,0.03
0.669650489867988,14.16792922676068,123.046875,0.03
0.9520569887203978,14.75458477079283,129.19921875,0.0575
0.9732542105952224,13.150893284594098,123.046875,0.0275
0.959941949859898,14.679884662144202,129.19921875,0.0325
0.866783478619988,17.424794707945097,123.046875,0.035
0.9643551390835744,11.480625354554377,123.046875,0.0775
0.8935586857150242,12.573373447837161,120.18531976744184,0.04
0.9368280404420206,11.83970823004095,120.18531976744184,0.075
0.8483659670698872,10.796566753891984,120.18531976744184,0.035
0.8505810984783182,10.964233905823578,120.18531976744184,0.035
0.8503028808064734,13.427176062052736,126.04801829268293,0.0675
0.9101917966147866,12.918245691692626,123.046875,0.035
0.8480551664181987,13.78113597594792,123.046875,0.055
0.8613536437080361,12.728450875328747,123.046875,0.03
0.8693246941344949,12.950532924168968,123.046875,0.03
0.968705478966376,12.052271707775525,126.04801829268293,0.0425
0.987067036997708,10.983077054788891,123.046875,0.07
0.9398797976604563,15.196510392754966,120.18531976744184,0.035
0.8958743381369753,13.335625061017176,126.04801829268293,0.035
0.8831664567353755,13.473364658240378,123.046875,0.04
0.7204523321800315,12.813760543534976,121.59926470588236,0.04
0.947197310947324,12.713413971942042,120.18531976744184,0.0575
0.918881133525904,12.892612186540898,120.18531976744184,0.035
0.925560225830411,12.56573975726024,120.18531976744184,0.06
0.9913470282178962,10.88353178500035,126.04801829268293,0.055
0.9828689001077032,11.108159402145148,123.046875,0.0675
0.9683896994231311,11.314563622749795,126.04801829268293,0.035
0.969038715825842,12.348111182880393,123.046875,0.0225
0.9310964987185704,13.582897178829192,114.84375,0.0425
0.9701906636097921,13.79788346133252,114.84375,0.0325
0.8920019758314648,13.816926146385494,123.046875,0.0475
0.967503776483863,12.171098306021586,123.046875,0.0275
0.9128420229951644,12.272781691727983,123.046875,0.0375
0.9711810765718484,11.537505420629216,123.046875,0.06
0.8424151503110108,13.252011679854224,123.046875,0.025
0.974641807239933,11.62020147610088,123.046875,0.0575
0.976004182405346,13.196792078812129,123.046875,0.0375
0.9133908224449188,13.570660968514552,123.046875,0.025
0.9133908224449188,13.570660968514552,123.046875,0.025
0.861271989511945,10.60714721220813,123.046875,0.03
0.8839309699960286,13.907153767704294,126.04801829268293,0.0375
0.5490305178045023,12.10149557849598,135.99917763157896,0.065
0.8847280382204008,14.185822320137177,139.6748310810811,0.0375
0.913648082302436,11.209646657707571,139.6748310810811,0.045
0.9500899982292248,12.32634772929081,123.046875,0.0225
0.8087175738478356,13.359853664427309,126.04801829268293,0.0475
0.8159807259080287,13.127171955921217,126.04801829268293,0.0425
0.9792435634911782,12.82588294260783,135.99917763157896,0.075
0.9321558281854945,13.852963303596876,151.99908088235293,0.045
0.9237104512753136,11.756369472965138,139.6748310810811,0.0625
0.908560118294604,15.356586469164617,143.5546875,0.0475
0.9695808081507178,12.88656967206016,126.04801829268293,0.0575
0.9744937755252892,14.46877870532305,132.51201923076923,0.0525
0.8785666735666092,13.68666951693915,130.83465189873417,0.0275
0.9894243846293164,11.825971207975872,129.19921875,0.0375
0.9796040780807636,15.930156221336476,114.84375,0.0425
0.9914631829367271,12.197641113419001,132.51201923076923,0.0525
0.9581774697614508,12.83097613395434,136.0,0.0675
0.9306369094204817,14.056599269260541,139.6748310810811,0.05
0.8320734087136794,15.352182436021558,129.19921875,0.0275
0.9898004705089334,14.882473595823065,123.046875,0.045
0.9795696247738899,14.632497359316195,143.5546875,0.0475
0.9900372486508896,12.272873665667548,135.99917763157896,0.055
0.9711988944719185,13.944061938299644,143.5546875,0.0575
0.959804491379568,11.52570563399369,139.6748310810811,0.0475
0.9958610078790752,12.87894171917924,129.19921875,0.0525
0.9801748169079152,14.755738928609295,147.65625,0.0325
0.9453038884697714,15.31846588908946,132.51201923076923,0.05
0.9021138272719501,14.069787718225705,164.0,0.035
0.994645393530758,14.301689233071142,151.99908088235293,0.0475
0.9844891666285756,10.663807216643596,145.57658450704224,0.0575
0.9578860855206308,9.34980865974914,129.19921875,0.0275
0.9619852927631556,9.840443377744378,129.19921875,0.0275
0.9910148017520807,9.342406461800609,137.0,0.0675
0.9808347014045128,12.1784252317556,147.65625,0.045
0.9738315506048851,13.320652237144513,147.65625,0.0325
0.9809231289924109,11.219475533735851,132.51201923076923,0.04
0.9528994854738171,13.993461891537574,143.5546875,0.035
0.9887664680625594,12.247178638244954,126.04801829268293,0.065
0.9584094164699704,11.725493384885063,143.5546875,0.0525
0.8912422513058313,11.423425730564873,135.99917763157896,0.03
0.876325283293971,13.422940911412674,139.6748310810811,0.0375
0.8965123816559755,10.489338440988188,129.19921875,0.0275
0.897565573108505,10.720256583218928,129.19921875,0.03
0.9853009026361697,11.711817834736085,135.99917763157896,0.0925
0.9920197581781616,11.67999533796666,135.99917763157896,0.065
0.9226992685341531,10.869598924441163,147.65625,0.0675
0.9760083553898826,10.342120293552838,135.99917763157896,0.03
0.8235504990118614,15.73575532601454,146.0,0.0425
0.896254657139359,13.948450665856084,147.65625,0.05
0.8749524440055413,13.649028148119148,117.45383522727272,0.0475
0.8823866444981725,14.335483070747975,147.65625,0.07
0.9586608609126693,12.10239512624729,132.51201923076923,0.05
0.8984938138545003,12.905939226408323,135.99917763157896,0.085
0.9450709129392412,12.077702300857144,132.51201923076923,0.0775
0.9541625119297585,11.772501042651697,132.51201923076923,0.06
0.9763580154663648,11.820056159767816,135.99917763157896,0.08
0.9677042021648716,11.973550282280344,132.51201923076923,0.0275
0.9930418096789801,14.86137630322623,147.65625,0.0425
0.9035012122067076,11.32941110347403,132.51201923076923,0.0325
0.9512908207374314,12.410608649860674,135.99917763157896,0.04
0.9360371389645685,16.987347065337538,139.6748310810811,0.04
0.9237783316423914,13.133510316438342,139.6748310810811,0.0275
0.8445971093261035,13.723898464289976,137.8125,0.0375
0.9766321205090958,11.693330661332352,132.51201923076923,0.045
0.9642656504183328,12.771241065604537,133.0,0.0475
0.977257697454085,12.784326897086594,139.6748310810811,0.0325
0.8317788728193206,16.504793439789147,129.19921875,0.0375
0.8548044777426789,12.342806691344734,135.99917763157896,0.065
0.923981177978306,12.912153211252948,126.04801829268293,0.0425
0.8405476516394085,14.929397831167238,126.04801829268293,0.035
0.9359381815742416,13.257733913162483,120.18531976744184,0.065
0.928986754236802,12.588213187865511,143.5546875,0.075
0.9696669781542984,12.564532071943898,127.0,0.08
0.9044119622439903,13.700923269984349,123.046875,0.0675
0.8952672751673021,12.894463103941794,139.6748310810811,0.0425
0.918121487935282,14.815511285907226,123.046875,0.0375
0.9479763489523333,13.580106808321354,120.18531976744184,0.055
0.9542807700771909,13.290632899849836,123.046875,0.05
0.9871252490719892,14.428388085500785,123.046875,0.0625
0.8906176363630735,13.620862404468024,120.18531976744184,0.0375
0.9592663113552393,11.047657345445586,123.046875,0.03
0.9246578472452336,13.673447477129042,117.45383522727272,0.035
0.8947232085635083,14.063689659144789,117.45383522727272,0.055
0.8389650309913386,14.025597440272016,117.45383522727272,0.075
0.9356511183742443,13.73621672300964,123.046875,0.04
0.904018540088366,15.42547340388344,123.046875,0.0625
0.7608494095151781,15.01082817118204,123.046875,0.0725
0.913885219366669,13.200640297526045,120.18531976744184,0.05
0.9768196091601944,11.630551630530977,120.18531976744184,0.0625
0.9739618553222193,12.842141821041377,120.18531976744184,0.0475
0.8424907228029811,14.467929632173629,117.45383522727272,0.0475
0.9408941180416299,14.517168993214565,120.18531976744184,0.0375
0.8375398769661737,12.124802509075591,143.5546875,0.035
0.9427295890611778,11.603872496236848,135.99917763157896,0.0375
0.9808879404751568,15.235250269212916,143.5546875,0.0275
0.9876486450053312,10.008038316253351,135.99917763157896,0.04
0.9696701139177756,9.416798767634436,138.0,0.04
0.9730533748227024,11.961384796699392,143.5546875,0.0175
0.8648666695234504,11.995750692826215,143.5546875,0.035
0.945093567212646,13.328341938215472,147.65625,0.0175
0.990577745282124,10.720564773157683,147.65625,0.0275
0.9890189328855769,9.88535147734581,143.5546875,0.0225
0.9712773616727568,10.834129306941202,140.0,0.035
0.972696970675883,12.429667842416189,112.34714673913044,0.0675
0.9135234926625682,13.477858957526095,129.19921875,0.0475
0.9698582662585797,12.273293260559912,126.04801829268293,0.045
0.9704921169666963,11.745269126290012,139.6748310810811,0.035
0.9090450455780398,12.808659676837827,129.19921875,0.025
0.9577205805035875,14.21963134351662,123.046875,0.0325
0.9714760651809637,10.722516424487047,139.6748310810811,0.0475
0.9197729298885335,12.186359128028736,143.5546875,0.08
0.9560842366530692,12.29381333305207,129.19921875,0.0325
0.9676058960104624,11.378379358404185,123.046875,0.05
0.9736556604982274,13.015671979612424,123.046875,0.075
0.9745418548349736,13.029548722869654,120.18531976744184,0.04
0.8638023943328771,13.170342147258063,147.65625,0.075
0.9650055163125095,11.968506508439074,126.04801829268293,0.0575
0.961724841182199,12.625140719779965,135.99917763157896,0.05
0.963233123646801,12.585660859804179,147.65625,0.0875
0.928680291800534,12.516420884180132,126.04801829268293,0.0475
0.9313506736878401,11.582586354058245,126.04801829268293,0.0525
0.991321908749433,15.428835425785303,114.84375,0.05
0.9866133962725184,13.662117742433072,139.6748310810811,0.0325
0.992596999784561,13.784322299363225,139.6748310810811,0.035
0.9721376649739282,14.809379007132819,143.5546875,0.0725
0.968754225106284,13.97940008672039,114.84375,0.0325
0.9457541000103848,9.187190454231144,132.51201923076923,0.03
0.8892034792617565,11.834945804561308,136.0,0.0425
0.9022382694369356,13.071368075630076,129.19921875,0.035
0.8428393548490706,13.3670967662862,139.6748310810811,0.045
0.9389336301746424,13.60747743880101,132.51201923076923,0.055
0.9180112090341801,12.707388983612088,151.99908088235293,0.04
0.9746082887290535,13.254968236903943,132.51201923076923,0.03
0.9022736365466684,12.204732457129708,129.19921875,0.015
0.9785215454586365,10.582528632022315,132.51201923076923,0.035
0.6600145303981544,14.90650050651182,126.04801829268293,0.0375
0.957451363956638,13.388797148976767,143.5546875,0.0575
0.6694213310018295,12.442989663274535,117.45383522727272,0.045
0.8468710434770501,11.788247967107,123.046875,0.0325
0.975706271830397,12.105946490799932,145.57658450704224,0.0375
0.9335765697976602,15.992418501986982,139.6748310810811,0.045
0.8431914294452668,12.249265343145144,123.046875,0.035
0.9382799894013296,14.202913621955815,143.5546875,0.04
0.9647665964744844,13.97834405856658,132.51201923076923,0.045
0.9235867434881584,10.572098718301746,126.04801829268293,0.0375
0.9207669920813235,10.656121194473071,126.04801829268293,0.04
0.9058787974535405,10.765375046280923,126.04801829268293,0.0375
0.9086156072117708,12.361577756056114,123.046875,0.04
0.946255834458381,13.088601047335263,135.99917763157896,0.04
0.9724049930501595,13.375539917063533,135.99917763157896,0.04
0.945919184397093,14.624789467642106,135.99917763157896,0.0525
0.6248381212512781,12.001140563797328,123.046875,0.0425
0.9435147888517728,12.140348999074266,126.04801829268293,0.0475
0.9158740393486784,12.334882676177983,135.99917763157896,0.0675
0.8798911363196411,13.406207166065577,147.65625,0.0675
0.8717597011415926,12.683396210772091,126.04801829268293,0.0375
0.6938090255609857,14.173128145586304,154.267723880597,0.0325
0.919260988870328,13.500797423840828,126.04801829268293,0.0325
0.891305264425214,14.840386602003496,129.19921875,0.0525
0.957521646556735,12.347061640372935,126.04801829268293,0.07
0.8943553456685271,13.763786050454168,135.99917763157896,0.04
0.9015119256137876,11.36336115401668,129.19921875,0.05
0.9453722246188032,11.993088816086782,150.0,0.075
0.7070952875245884,14.493045429910088,126.04801829268293,0.045
0.7675195735056056,15.083053900299351,124.0,0.045
0.6091985261421977,15.27265055672234,120.18531976744184,0.0425
0.9603650994657188,13.22388096760145,147.65625,0.045
0.8636074245670163,12.0698854440839,151.99908088235293,0.035
0.8667252674633584,11.910426480458494,150.0,0.035
0.8835150086655997,11.660056011462434,129.19921875,0.03
0.9662518125072512,13.81182279726998,120.18531976744184,0.0325
0.825351126641849,14.542919942509425,135.99917763157896,0.035
0.8641928554223318,12.761057896667936,139.6748310810811,0.045
0.9627622239126826,13.921881977860671,151.99908088235293,0.0425
0.9130524733875992,12.02364314791922,126.04801829268293,0.04
0.8641865569571849,12.907907947531665,132.0,0.035
0.9621750700932028,12.298480824887076,129.19921875,0.0375
0.8490592232774803,13.66381663925265,135.99917763157896,0.035
0.8568300350871735,14.161852004186438,143.5546875,0.0375
0.9316377095493591,13.572701467246675,126.04801829268293,0.0575
0.940025055251925,13.552571916838652,135.99917763157896,0.05
0.8334168318050789,12.73697389614926,129.19921875,0.05
0.8105089235922219,15.697146689643542,135.99917763157896,0.035
0.8136989951349578,12.107932164156542,139.6748310810811,0.0725
0.7560851956893158,14.00610168169791,135.99917763157896,0.0475
0.7008494897437995,12.681636257199717,120.18531976744184,0.025
0.8527551569374175,15.94543809990353,135.99917763157896,0.0375
0.895197131628758,14.563341416597398,156.60511363636363,0.075
0.935301968156056,12.502940274943917,132.51201923076923,0.03
0.9454755589495374,11.82134540875194,129.19921875,0.0475
0.6688957210221804,12.76205310832431,123.046875,0.03
0.8648761641047744,12.654351162366648,120.18531976744184,0.035
0.876068842418623,13.0805669745829,120.18531976744184,0.0325
0.8558349591896088,13.03457164389635,120.18531976744184,0.0325
0.8645369725394215,15.403122659213963,138.0,0.065
0.8147461425682746,14.071037976928945,144.0,0.035
0.8346942021860699,14.165889426535305,139.6748310810811,0.0625
0.777566023362841,14.534347893207803,143.5546875,0.0325
0.9056526746138647,10.955023431635798,141.58818493150685,0.075
0.4925054798103879,11.163791380390185,139.6748310810811,0.0375
0.9634083633904632,11.63120076262473,138.0,0.0375
0.9120639441296584,13.69819226487358,129.19921875,0.045
0.9387175361584588,13.49188475427639,139.6748310810811,0.04
0.994524668573308,11.728846826514328,98.0,0.0575
0.8188507906185645,13.74992848491674,88.0,0.0275
0.8682654437720851,13.321415214786256,101.33272058823528,0.0375
0.9360545358813296,13.5911514310714,101.33272058823528,0.0375
0.7909472252129479,13.583459588419533,94.0,0.035
0.806529904034988,12.757002016969658,98.0,0.0375
0.7640397261629885,12.50831580436329,87.0,0.0175
0.8084765640359121,12.673179084323902,87.0,0.0275
0.7540896381966736,12.990758788765444,87.0,0.025
0.7432934232598406,14.754151217214313,93.0,0.03
0.8638981579186046,12.93022820624125,100.0,0.035
0.8759920880716987,13.108838384917398,100.0,0.035
0.9734814568486663,12.63798520670197,100.0,0.04
0.9023993107409751,12.098202471277602,98.0,0.045
0.8697300850510992,13.428938897410582,97.0,0.0375
0.85287185134813,13.734734643080905,105.46875,0.045
0.9130219025553195,13.158272712471902,101.33272058823528,0.04
0.9199049808150104,13.638427113196077,107.666015625,0.0375
0.8168086258032831,13.919632634826474,90.0,0.0325
0.9007414354273489,13.295912811376223,94.0,0.0275
0.9233711901795324,11.830849919256902,92.0,0.0425
0.966022960646734,13.154854309874768,103.359375,0.0525
0.8562069386582554,13.048893918531748,90.0,0.045
0.957646595354607,11.68245505298206,105.46875,0.0325
0.8928819508254018,12.675882714925152,86.0,0.0475
0.9009432600609432,13.036312089688568,82.0,0.035
0.9731543037663387,11.482705983121292,101.33272058823528,0.05
0.9735081803166388,11.71226280555068,103.359375,0.0325
0.8884885616111472,12.404023137572793,72.0,0.0375
0.8200919175503492,13.05990380023338,89.0,0.0275
0.9970531492025939,8.197490151948715,90.0,0.0375
0.9476729309544774,10.732919514039189,100.0,0.0425
0.8992863308510237,10.542974890700952,82.0,0.03
0.9977980486327793,7.906894727628987,80.0,0.0325
0.9998789543855664,6.5394342964316685,80.0,0.0375
0.9987985363639207,5.8844585434072005,90.0,0.0425
0.9913336832184122,8.098457338804176,80.0,0.0275
0.9946271006405568,7.795406097701544,90.0,0.04
0.9915532003380702,7.299688510402779,80.0,0.0425
0.9991219503530868,5.9102457804214765,80.0,0.045
0.9986446595650418,7.6569807850799645,90.0,0.0375
0.993875728824737,9.62312795203796,101.33272058823528,0.0325
0.9931369210735059,6.972644968053363,80.0,0.055
0.9054978636160964,13.47284834502173,104.0,0.0325
0.9546546622757536,10.588143161125862,90.0,0.06
0.7410902954691021,12.691577619356474,81.0,0.045
0.9055136875395665,12.876634580214766,77.0,0.0275
0.8196716593067225,12.520546384817235,96.0,0.0325
0.3522708723647349,12.789019344162275,95.0,0.02
0.8835087549881708,12.716667376129134,101.33272058823528,0.0375
0.9228890214310175,11.319009958666864,103.359375,0.0375
0.9553803724079294,13.499080588874424,103.359375,0.0325
0.8429134552669865,12.568256253894756,82.0,0.0425
0.8594311163818322,12.588665225614296,85.0,0.0325
0.9001797431501317,12.626035598690805,85.0,0.035
0.9926591420743955,10.028561627448155,98.0,0.03
0.9824451949515683,10.39949720198392,100.0,0.065
0.9851896429406812,11.276670237720763,100.0,0.0275
0.713583117195433,11.490331763513163,80.0,0.0325
0.8019817456385381,13.37122302863472,70.0,0.0325
0.9194805113686194,13.762564175933743,105.46875,0.04
0.9273294432519276,12.763122207268406,100.0,0.04
0.9328706369515696,13.092550872802104,103.359375,0.04
0.924352635516312,13.134417991277031,96.0,0.045
0.878495664325315,13.994302374576232,100.0,0.0225
0.9414316753640743,12.957384292790161,100.0,0.0175
0.8805547295746277,12.490752307027265,101.33272058823528,0.0275
0.9199130572982116,12.043072788203705,96.0,0.035
0.9250576791124032,10.960630726696968,101.33272058823528,0.0375
0.9661241412664952,13.626581572724971,93.0,0.0375
0.9197456698501106,12.326167356378384,105.46875,0.03
0.7810243114768859,13.35123076125762,105.46875,0.03
0.7617561748923148,14.792390504309548,101.33272058823528,0.035
0.9034778264538308,14.891609382945223,92.0,0.03
0.8957850876613734,11.75524122986209,95.0,0.0425
0.9682026707800269,12.21671051990041,98.0,0.02
0.8851861391482064,12.195593233635282,101.33272058823528,0.0375
0.9772563094648974,11.698294603153412,96.0,0.055
0.8465119836823514,11.54360572572049,95.0,0.0275
0.9383711145288673,10.802368577492427,101.33272058823528,0.075
0.8645511154435113,13.192888789071574,74.0,0.05
0.9588358390906566,13.123273153176642,103.359375,0.045
0.8315597985977142,13.118068933601975,88.0,0.045
0.947795118384245,13.877713142504009,105.46875,0.0375
0.8629271975664747,13.263464345946389,103.359375,0.0375
0.8409919179260337,12.586995391992946,84.0,0.0275
0.8971690660579613,12.576190690074643,105.46875,0.035
0.9050454536721594,12.821445312139891,105.46875,0.0275
0.7217996092224652,13.278367438296645,103.359375,0.0675
0.8553557035224287,13.35624644248519,103.359375,0.04
0.8771882360639687,13.47648583367946,86.0,0.0525
0.8817121841304195,13.275287106024216,92.0,0.0525
0.996970571401057,12.678729671888261,95.0,0.04
0.8470087496720444,12.533418978277957,100.0,0.0575
0.4073871649707008,9.709354435490722,101.33272058823528,0.02
0.9945968614145184,13.226264774183907,101.33272058823528,0.05
0.9893426206920156,13.013951304098528,86.0,0.035
0.9657593595209794,11.458341432521385,101.33272058823528,0.0525
0.9259295879744937,11.434887080713644,98.0,0.0725
0.8652175786893339,12.983553018613906,101.33272058823528,0.0375
0.8342296593010735,13.648235171402433,114.84375,0.0275
0.8786030596722936,13.053229844655661,117.45383522727272,0.03
0.9722860679569381,13.450809872879297,120.18531976744184,0.035
0.9030261806246588,13.765774294952264,120.18531976744184,0.035
0.7617630629538291,14.433965961413104,120.18531976744184,0.04
0.9635602324356788,12.402684747790786,120.18531976744184,0.0425
0.9333538947232665,13.446833283762942,117.45383522727272,0.025
0.8679155339127853,12.418013830676607,120.18531976744184,0.035
0.8780629565252603,12.995202380709575,112.34714673913044,0.045
0.8428528015102852,13.953276355435973,117.45383522727272,0.0425
0.8677339490704111,14.029807801746212,117.45383522727272,0.0425
0.8237067058936995,13.627833001408433,120.18531976744184,0.035
0.9749274762090124,13.426587831975812,120.18531976744184,0.03
0.8693686206689111,14.190426441144409,112.34714673913044,0.025
0.8550604456730142,14.071384649059482,117.45383522727272,0.025
0.9154056210119071,13.029576250332829,117.45383522727272,0.06
0.8612874857440085,13.238911494584906,120.18531976744184,0.04
0.9049371247282714,14.561410210961444,117.45383522727272,0.0275
0.9258439689080971,13.345196593872013,117.45383522727272,0.0375
0.7877396293625676,12.788789966476672,120.18531976744184,0.0475
0.9065128179081884,11.696753485470488,120.18531976744184,0.07
0.9300884342932496,13.215805161848154,120.18531976744184,0.0575
0.8563344134617451,13.444785363972333,117.45383522727272,0.0575
0.9133454182964912,11.72296576684624,123.046875,0.0375
0.9590621762858869,12.172328232330592,126.04801829268293,0.06
0.9076291128011797,12.935425143015607,126.04801829268293,0.065
0.967904463553385,12.511316288179138,126.04801829268293,0.055
0.8927553311116297,12.22942449537565,126.04801829268293,0.055
0.9363927139455648,12.013173666025295,126.04801829268293,0.05
0.9862309001399177,13.002035456382615,123.046875,0.0375
0.9893921071591176,13.434715985954607,123.046875,0.0575
0.8994424297166854,12.748378356845873,120.18531976744184,0.07
0.8804331594797786,12.151006919886932,129.19921875,0.0375
0.8481817188073145,11.967883529917124,117.45383522727272,0.055
0.9310147003271754,11.40594291152647,117.45383522727272,0.0575
0.9327040778169372,11.317967338728142,120.18531976744184,0.0525
0.9626522838072704,11.185516554725435,120.18531976744184,0.05
0.8800083751722301,14.42146495160008,120.18531976744184,0.03
0.8279955015023164,13.97940008672039,123.046875,0.04
0.8401503915366927,15.145209529430451,123.046875,0.03
0.7755229145833149,14.086328886543125,120.18531976744184,0.015
0.9143198471126801,12.296746478349942,123.046875,0.0325
0.9885359146716647,12.731884093732976,120.18531976744184,0.055
0.9124837781042678,14.660128326401185,129.19921875,0.035
0.9821469577301689,12.604544852975419,129.19921875,0.04
0.9266088820780018,13.808330734596531,105.46875,0.03
0.9322826861772369,12.690887471037616,120.18531976744184,0.03
0.5786758433774883,13.197439443505427,120.18531976744184,0.0225
0.923871917584492,14.043179278384716,123.046875,0.0275
0.9037682887133445,13.733850656192534,117.45383522727272,0.0275
0.9720319331600826,13.043448953905344,120.18531976744184,0.0625
0.9621908363472018,13.011871616675059,120.18531976744184,0.05
0.9918621333172926,12.52394648486538,120.18531976744184,0.065
0.9581780653454616,13.012267102927476,120.18531976744184,0.0575
0.9611362395366623,13.693487879238418,120.18531976744184,0.0275
0.9085707029167476,13.14498507566395,120.18531976744184,0.0275
0.9713200212493651,14.892020878545889,120.18531976744184,0.0325
0.9703310027598202,11.945596599531335,114.84375,0.0375
0.9336264545817905,12.659632227747199,123.046875,0.025
0.9359405283256399,11.92090525235848,123.046875,0.05
0.9585244458494668,13.230160587793332,129.19921875,0.03
0.9617762153208482,12.98500089823528,129.19921875,0.03
0.9720911761653688,13.526049650191352,126.04801829268293,0.03
0.97906838744041,12.896946015885083,126.04801829268293,0.0325
0.9737719427679018,12.890201889488168,126.04801829268293,0.0325
0.9786445526741585,11.417418618612496,126.04801829268293,0.0275
0.9696374147207844,12.864779254524334,126.04801829268293,0.0325
0.9288617661966188,13.36784104961198,126.04801829268293,0.03
0.8899643003805053,13.03194192783724,126.04801829268293,0.03
0.9654784447995162,13.120137514874791,120.18531976744184,0.0275
0.9174249179310521,13.428253551658397,112.0,0.0225
0.9175360063432527,13.361363739122144,112.0,0.035
0.9603727755086616,13.123707190007948,112.34714673913044,0.025
0.9339661931893254,12.592645213687444,120.18531976744184,0.03
0.801859171496015,12.5177586437498,112.34714673913044,0.0775
0.8814316162834069,13.51285733692467,114.84375,0.0675
0.7401664050405818,13.61601481121142,117.45383522727272,0.06
0.9137608979234784,13.273843508421464,123.046875,0.0325
0.9908040176155285,13.63944713495511,126.04801829268293,0.05
0.9888742152582777,10.924764920320982,123.046875,0.0725
0.906718784097218,12.256191148135905,120.18531976744184,0.06
0.7283994724088318,12.502807030833065,126.04801829268293,0.0575
0.9922698667364914,13.12189948059142,126.04801829268293,0.05
0.9952713316762736,12.937471121782774,126.04801829268293,0.0475
0.8302168864915671,13.311235906588182,123.046875,0.055
0.8959229019444224,12.532725939440164,123.046875,0.045
0.9560412602119148,14.09497981451764,124.52936746987952,0.0525
0.8944146533391092,11.84052027670571,123.046875,0.0575
0.9902102494227207,12.602527718954516,126.04801829268293,0.0525
0.9922365861115688,12.890797729463651,126.04801829268293,0.055
0.9886502867930972,12.277388854279842,123.046875,0.0675
0.7548649299750413,11.940789159726801,126.04801829268293,0.0525
0.9907656124302853,12.675400491717692,120.18531976744184,0.0675
0.9418593964539371,12.616858618360379,126.04801829268293,0.08
0.948509702584354,12.81684700306997,126.04801829268293,0.0725
0.9881766129790276,12.782524930461472,126.04801829268293,0.0475
0.992100204027595,13.119948804356664,126.04801829268293,0.0375
0.9949549659583612,11.519216085679684,123.046875,0.055
0.9814498528402764,12.796012059807513,123.046875,0.0625
0.9440826373185064,11.442441367809298,123.046875,0.0625
0.948079847079474,13.653177204842889,123.046875,0.0775
0.9882944576914217,11.994424840452476,123.046875,0.065
0.9214087374676224,15.158305718942728,123.046875,0.0325
0.9628488406546953,12.507657083959927,123.046875,0.0375
0.8505300586369534,13.078782328718376,128.0,0.03
0.7585620558401508,13.94849062984035,126.04801829268293,0.0275
0.979346795975764,11.530667698227703,123.046875,0.0675
0.9713679981353952,11.71146690780049,120.18531976744184,0.0375
0.9065661577188898,12.299064521034627,123.046875,0.05
0.9661299280777176,13.635683161358422,123.046875,0.055
0.9301456912813733,13.123036002440765,123.0,0.025
0.9708657981346328,11.935770847520288,120.18531976744184,0.06
0.9155218170537568,10.190907335278895,120.18531976744184,0.0475
0.9725660942168992,10.232847127038127,117.45383522727272,0.0375
0.9580067448978536,13.115632402231435,120.18531976744184,0.04
0.9912310617486155,13.656444743176163,120.18531976744184,0.0575
0.9641982256530492,12.975635544521692,120.18531976744184,0.0425
0.9089890958875012,13.774685074970808,117.45383522727272,0.0275
0.9181026409335572,13.776488956864888,120.18531976744184,0.025
0.8900929080408863,14.615217444859747,120.18531976744184,0.0375
0.9384989001165004,13.964258319818612,120.18531976744184,0.035
0.80532439968717,12.012793182977248,120.18531976744184,0.025
0.6663874363588127,14.820570602977186,126.04801829268293,0.04
0.8319920569680987,12.627152012128091,120.18531976744184,0.06
0.8562926267659628,12.72263983166214,116.0,0.0525
0.9591865005184348,12.0451401375642,120.18531976744184,0.035
0.9223479491476774,13.300744231239737,121.0,0.035
0.9667922080877344,12.911900118270916,116.0,0.075
0.9817972115722936,14.027605465427063,126.04801829268293,0.0125
0.961240207226254,13.995359328209863,112.34714673913044,0.0275
0.9087196631760042,11.975918594661355,126.04801829268293,0.0575
0.9839517150808712,13.682833190230959,123.046875,0.0225
0.9927137148517604,10.710276544899392,123.046875,0.045
0.8809217880299749,12.80080183352723,123.046875,0.075
0.9366751643826723,13.405672844845665,123.046875,0.025
0.8488395400904377,13.985839644389404,123.046875,0.035
0.9560414619027848,13.113485004570489,123.046875,0.0225
0.915547855765785,12.682122109832616,123.046875,0.0525
0.9762808125629387,12.924113378218058,123.046875,0.0275
0.973764959024002,13.275705516493865,123.046875,0.025
0.9069710602071044,12.455302427010825,123.046875,0.02
0.9679379609467512,13.716486064426594,123.046875,0.04
0.9831903126078225,13.467477018419363,123.046875,0.0275
0.9365372387321734,11.87113406290235,120.18531976744184,0.0475
0.9464932335890055,11.47355124440626,120.18531976744184,0.07
0.8568166472612468,12.14133774499479,126.04801829268293,0.0325
0.9032027173249588,12.70458596744126,120.18531976744184,0.0325
0.9666060839269182,13.026719476821576,120.18531976744184,0.0525
0.9426025534769822,12.318903866422993,120.18531976744184,0.0325
0.9569245064421956,13.166984642436963,120.18531976744184,0.0475
0.9659887347015524,13.25188591467941,123.046875,0.0425
0.9081854594066208,14.11293291001295,120.18531976744184,0.0375
0.8892354026253876,14.710598447929682,120.18531976744184,0.0325
0.9027672835653372,13.324919105319163,120.18531976744184,0.075
0.8879810992791302,12.37640739647571,120.18531976744184,0.02
0.9918139819194202,11.295030919858306,117.45383522727272,0.04
0.9711664886039358,12.431162186164684,120.18531976744184,0.045
0.9795694080006369,11.829499729386209,126.04801829268293,0.0375
0.9102191798517772,12.330985773697108,120.18531976744184,0.0475
0.9257499320656536,12.357725101944942,126.04801829268293,0.065
0.9688100991094787,12.545921663904426,123.046875,0.0575
0.9107957137596323,12.363410867925047,126.04801829268293,0.06
0.9251421886508554,11.083007689755595,120.18531976744184,0.06
0.8811289482405665,12.486845235189374,120.18531976744184,0.0475
0.9658977233700243,11.173225900970905,123.046875,0.075
0.9874521240127533,12.533542709346552,123.046875,0.0525
0.9496887017372848,11.97756542539425,123.046875,0.05
0.9384068195245253,13.715094130429254,120.18531976744184,0.025
0.8979291456117486,12.713724033737062,123.046875,0.065
0.8015464638286212,12.709797131434549,123.046875,0.0775
0.9752943973428108,12.918131829084654,123.046875,0.0475
0.8759996668351453,13.515096675087168,129.19921875,0.045
0.964968785640238,12.313406663023825,122.0,0.0375
0.9785450870214016,13.8385055185597,123.046875,0.0225
0.9673918454821028,12.663426804722912,126.04801829268293,0.0325
0.9327952938131413,13.045932716471416,123.046875,0.05
0.9785450870214016,13.8385055185597,123.046875,0.0225
0.960058069839575,13.301972225895245,126.04801829268293,0.025
0.9819460689036938,12.873733536091784,126.04801829268293,0.03
0.7359991213380483,14.396841005335842,107.666015625,0.06
0.974923565674928,11.906489246266124,123.046875,0.025
0.9023136766499011,12.56274978958674,123.046875,0.0475
0.8838191495482576,12.065469926239334,123.046875,0.0575
0.9718866207243511,10.978572880864425,123.046875,0.09
0.9718866207243511,10.978572880864425,123.046875,0.09
0.8423351414134447,13.362433720787209,123.046875,0.025
0.9453721783356923,11.993356649041626,126.04801829268293,0.0275
0.9100661136121816,12.821301512014774,123.046875,0.0275
0.9830341861287653,12.543884583467795,123.046875,0.0425
0.9906078822058724,10.718848290429252,123.046875,0.04
0.9390109564822526,12.699080478759877,123.046875,0.05
0.9701381110034568,13.01878119565375,123.046875,0.0375
0.9623036265159006,12.330293440190916,123.046875,0.04
0.9759972339338223,12.146012066189058,120.18531976744184,0.03
0.9769841141676966,12.602314987016348,129.19921875,0.06
0.9783377213946296,11.453698275500388,123.046875,0.0425
0.9847345099525288,11.573503998754136,126.04801829268293,0.0325
0.8796043189716716,13.901647822293349,123.046875,0.055
0.9725644523537333,11.0435201940873,117.45383522727272,0.0575
0.8727549009652855,13.42300872822412,123.046875,0.045
0.7049375813481606,13.717789437020146,123.046875,0.0325
0.8880082404539091,13.500341009486053,117.45383522727272,0.06
0.9167629849892831,13.038283145243067,120.18531976744184,0.025
0.9235938032140072,13.017199317442216,120.18531976744184,0.025
0.9269200673200292,12.728107300629986,120.18531976744184,0.025
0.8858103588087813,13.450830165978266,150.0,0.0525
0.981848674617954,11.118541897745445,164.0625,0.0525
0.8520432251041604,12.912971701062679,145.57658450704224,0.06
0.9839886713153688,10.490318974940468,151.99908088235293,0.065
0.969958727735477,7.961305914884947,220.0,0.0725
0.8994574912706019,9.752815613756404,191.40625,0.07
0.9198805240753756,12.103483722627633,191.40625,0.0725
0.9503666179132109,9.719811087267791,172.265625,0.0575
0.9658257839206019,12.600023187017886,220.0,0.055
0.9801987003313497,11.739111998925008,151.99908088235293,0.0775
0.9689401679990644,10.344715759226567,166.70866935483872,0.085
0.9590776730465098,12.022463862095103,156.60511363636363,0.0425
0.8806885469649897,12.72886886049304,184.5703125,0.07
0.8308378672135611,11.472117264293637,175.1853813559322,0.06
0.8144798157038229,13.677057021446956,169.44159836065575,0.0575
0.8818616978230832,12.863455019509711,202.0,0.0525
0.8721074170113249,11.161402466556455,156.60511363636363,0.0825
0.9503806420545251,12.400023159093966,210.0,0.0575
0.9623360272883656,11.345901229266898,178.20581896551724,0.06
0.9793888358248498,12.481099807624814,151.99908088235293,0.06
0.9169815105527004,11.766350537203893,156.60511363636363,0.075
0.874195495341456,13.880200194144273,216.0,0.065
0.9676564743734529,12.902626687626498,210.0,0.055
0.954454130453393,12.225156658320447,220.0,0.0575
0.9776747738884376,12.022623116834032,166.0,0.075
0.9915066509179515,9.319705940315364,147.65625,0.075
0.9541661359994428,8.522708137493797,145.0,0.0675
0.9700040698448813,11.838644925910032,156.60511363636363,0.065
0.9416916200784213,12.47082158153858,147.65625,0.0625
0.9665215675548648,14.609621545049809,151.99908088235293,0.0525
0.9636739427588896,13.89210397867137,120.18531976744184,0.04
0.9523908014461049,13.10829000778624,123.046875,0.035
0.9046607882368046,14.12297194210553,120.18531976744184,0.0325
0.9449410556447614,11.621889696030902,120.18531976744184,0.085
0.960231606943337,11.20392285728283,120.18531976744184,0.0475
0.9294393295948172,13.266113132067826,126.04801829268293,0.0475
0.9734709073175704,13.6829695751326,126.04801829268293,0.0425
0.9485438497604433,13.70434821716627,120.18531976744184,0.0375
0.986319618923556,13.959616127058542,120.18531976744184,0.0375
0.8949426857186764,13.616613505041096,123.0,0.03
0.8959998868342749,14.372470699623513,122.0,0.0325
0.8564714183283023,13.305273487128504,123.0,0.0375
0.9453691338156409,12.976691642239055,123.046875,0.025
0.949814149525105,12.559491053830795,123.046875,0.0225
0.9622028349456793,12.546263178865392,123.046875,0.045
0.9424338162859026,13.094414214985889,122.0,0.0425
0.9496793816874667,14.012677018450063,120.18531976744184,0.025
0.9770342084496656,12.254344636173474,123.046875,0.055
0.8641726260211294,14.617789890028616,117.45383522727272,0.045
0.845372625348388,14.01358265939268,114.84375,0.0375
0.9030513022892612,12.802243256056979,120.18531976744184,0.05
0.9019409104305915,12.920340063599664,114.84375,0.0525
0.835974442527757,14.14990134961199,114.0,0.0475
0.8944393381787067,13.990325335396175,112.34714673913044,0.045
0.9735213571188648,13.930925197107056,123.046875,0.0325
0.9492494932076254,13.300421572483032,120.18531976744184,0.0375
0.9518079458309896,14.807431030246498,120.18531976744184,0.0425
0.8254428922852712,13.30841374225929,120.18531976744184,0.0325
0.9646306990512624,10.792290373785768,120.18531976744184,0.065
0.976288427637912,12.365200733328296,117.45383522727272,0.035
0.9817104521994978,12.496026151873103,120.18531976744184,0.0375
0.9695889108130351,12.736238180995786,114.84375,0.03
0.9404446342114728,13.46555543015593,123.046875,0.0325
0.8984674381873528,14.815781008329695,123.046875,0.0275
0.9730461866951732,11.317892917636854,126.04801829268293,0.07
0.944547486846459,11.685879150556833,126.04801829268293,0.045
0.9936722779743727,12.198815852894207,123.046875,0.035
0.9854169584812624,12.414372362842482,123.046875,0.07
0.9595904961335152,11.24796918839137,122.0,0.0425
0.9650486049344834,11.634721823601826,123.046875,0.05
0.8844289642639049,13.782966449034895,123.046875,0.075
0.9838818087049983,12.330707281790861,123.046875,0.065
0.989971905671179,13.687312175958066,120.0,0.0775
0.923804728625148,13.435778072121757,123.046875,0.035
0.9852232028032072,11.93979192006755,123.046875,0.04
0.9411421451878486,14.104254449742156,121.0,0.03
0.9477457031004454,15.141164281750592,117.45383522727272,0.0225
0.9435199288259521,13.255149474929453,117.45383522727272,0.0275
0.900130024838301,13.962092216277451,120.18531976744184,0.03
0.8922123941040067,13.032913933263467,123.046875,0.06
0.842918039350669,15.211313915456897,117.45383522727272,0.04
0.8875470888857215,14.456238935144587,120.18531976744184,0.055
0.933818908446804,13.02978252568644,123.046875,0.065
0.9493269574080598,13.393734801299136,123.046875,0.0575
0.960576852640756,11.391324160425718,120.18531976744184,0.085
0.968699467835353,13.718708221137511,123.046875,0.055
0.929080797613357,12.730560565818381,126.04801829268293,0.0525
0.8672790219631271,13.412186717861848,125.0,0.03
0.9802289975326686,10.70776512663912,126.04801829268293,0.05
0.9831662630446604,10.348173411925792,126.04801829268293,0.085
0.8811404119173393,9.574170144852983,126.04801829268293,0.06
0.6941862517616084,13.811557964531918,126.04801829268293,0.055
0.8950673907088582,13.38310857893379,112.34714673913044,0.06
0.9956905429059959,12.485685959996085,126.04801829268293,0.04
0.9683394072882058,14.360466246953916,123.046875,0.0225
0.9677887717687501,13.813610448028612,126.04801829268293,0.04
0.9773514033376698,14.684694059165963,123.046875,0.02
0.9453978795570755,14.09464751986273,126.04801829268293,0.0425
0.7427023760500715,13.005208663975653,123.046875,0.03
0.867262481152589,14.958475544744608,126.04801829268293,0.0375
0.900471591992564,13.147050828410865,123.046875,0.0325
0.9415593842601356,15.459812330748155,123.046875,0.0275
0.9554173014318144,14.185740854146172,117.45383522727272,0.04
0.8298422277638454,14.062288225704634,120.18531976744184,0.0425
0.8889537733439377,13.52101215256556,120.18531976744184,0.055
0.8990679299218044,13.966766063201158,123.046875,0.0325
0.9693053087887198,13.918191624720246,123.046875,0.04
0.9175670599442636,14.284945482190992,123.046875,0.045
0.9023111877074568,14.632089529081972,117.45383522727272,0.0225
0.9775787893186778,13.379923475843558,120.18531976744184,0.0375
0.9957699176091594,12.710227318661849,117.45383522727272,0.0325
0.7182182869304273,14.025016969984756,123.046875,0.0525
0.942752770931266,12.728012355663257,117.45383522727272,0.025
0.7054571606144545,15.238725142024832,126.04801829268293,0.0575
0.9754762443725168,13.068539920007067,120.18531976744184,0.0525
0.8797643226568939,12.088345578671007,117.45383522727272,0.0775
0.7882725952884082,13.38523284134621,132.51201923076923,0.055
0.7918320034569981,13.42156133819567,132.51201923076923,0.055
0.9773597104803282,11.881206385397014,128.0,0.05
0.8838191495482576,12.065469926239334,123.046875,0.0575
0.9702182606453613,12.994588970984596,123.046875,0.0525
0.959901371982123,12.64414876698866,126.04801829268293,0.0275
0.9724250340979338,12.24437563026482,120.18531976744184,0.08
0.9363968586107152,13.371639612869082,126.04801829268293,0.03
0.8796726658969027,13.50408403661906,123.046875,0.0275
0.9279122137528492,13.623788229716352,122.0,0.0325
0.9267708185652708,11.622964616655516,126.04801829268293,0.0325
0.9414776283487764,12.309166259715994,123.046875,0.03
0.9386310831996747,12.186665422854823,123.046875,0.025
0.9877265985292971,11.68739148743866,126.04801829268293,0.0325
0.9729459880216385,11.428915617217147,125.0,0.0625
0.8687754547504554,14.21541633402244,123.046875,0.0525
0.938513520430287,12.490575841649832,123.046875,0.03
0.974670249744717,12.693157240631328,117.45383522727272,0.025
0.9141754367193202,11.853167098128257,123.046875,0.0325
0.9731927422194512,11.353275079543682,123.046875,0.04
0.9352365857392388,13.144675649020222,123.046875,0.0275
0.9117470791320729,14.008267322160265,123.046875,0.02
0.9887286527125532,10.665411494202727,126.04801829268293,0.0775
0.923804728625148,13.435778072121757,123.046875,0.035
0.9901547906327789,12.146489253093328,123.046875,0.0425
0.957141229310636,12.378195314066142,123.046875,0.0375
0.8892322497585623,10.722378466338316,123.046875,0.0475
0.9413017052562347,11.888729396990257,123.046875,0.05
0.9448693684521228,12.460407681650736,123.046875,0.085
0.7918079307123583,12.7418898749445,123.046875,0.03
0.9611557352559212,12.355739861850283,123.046875,0.0775
0.977592225295039,11.427653450187368,123.046875,0.05
0.558193092291629,14.51579991863593,117.45383522727272,0.035
0.7477433184374694,13.879522811056074,123.046875,0.0325
0.9407487148513164,13.135468690308716,120.18531976744184,0.0575
