year,record_labels,number_of_labels
1992,"Bash Records, Chill Music, Direct Drive Records, ESP Records, GTO, Hardhouse Records, Low Spirit Recordings, MFS Records, Music Man, Overdrive Records, Plus 8 Records, R&S Records, Rabbit City Records, Rising High Records, Spacemate Recordings",15
1993,"Boscaland Recordings, Dataflow, Delirium Records, Direct Drive Records, Fire Recordings, Genlog, Industrial Strength Records, Jeff Mills of Axis Records, Little Idiot, Low Spirit Recordings, Lower East Side Records, Marco Zaffarano & Jürgen Kreschel, Mate Galic, N.R.G., Now ! Records, PCP, René Löwe & Peter Kuschnereit, Sonic Infusion Records, Target Records, USA Import Records, Vortex Records",21
1994,"Bonzai Records, Choci's Chewns, Clubscene Records, Combined Forces Records, DJ Hooligan, DJ Tom, Devision by Zero, Disko B, Djax Up Beats, Edge Records, Evolution Records, Fire Recordings, Gangsta, Ilsa Gold, Low Spirit Recordings, Out Soon Records, Overdrive, Pascal F.E.O.S., Pierre Morgan, Pyramide Records, R&S Records, RMB, Think Green Records, Thomas Wurm, Ultimate Music Management, lightning Records, Épitèth Records",27
1995,"430 West Records, André S., Black Acid, Bonzai Records, DJ Manu Le Malin, Disko, Disko B, Djax Up Beats, Edge Records, Essential platinum, Experience Grooves, Fire Recordings, Force Mass Motion, G104, Gary D., Harthouse, Hybrid Sound Architecture, Klark Teknik, Low Spirit Recordings, MMR Records, Mute Records, Opium Records, Peace Records, Pharma Berlin, Roland Casper, Smile Communications, Space Teddy Recordings, Suck Me Plasma, Syntox Records, Talla 2XLC, Tantra, Tom Wax",32
1996,"430 West Records, Axis Records, Beroshima Electric Music, Big Time International, Black Nation Records, Bonzai Records, Cajual Records, Clemek, Clockwork Recordings, DJ Dan, DJ Hooligan, Daz Saund, Direct Beat, Edge Records, Experience Grooves, Eye Q Music, Future Frontier, Future Funk, Junkfood Records, Kay Lippert, Kurbel Records, Low Spirit Recordings, M.Wells, Matrix, Mijk Van Dijk, Miss Yetti, Missile Records, Nigel Walker, Noiz, Overdive, Peacefrog Records, Petra, Plastic City, Pussyfoot Records, RMB, Rabbit City Records, React Music, Sonic Solution, Steve Bug, Synewave, Talla 2XLC, The Dentist, Urban Sound Of Amsterdam, Veto & Absence, Voyeur Records",45
1997,"Afrika Islam, Beats&Friends, Beroshima Electric Music, DJ Appollo, DJ Sebel, Direct Beat, Disko B, Djax UP Beat, Electrofunk, Furry Windmill Records, Jive, Low Spirit Recordings, Marshall Jefferson, News, Partysan Schweiz, Petra, Piet Blank, Pilot Music, Sony Music Entertainment, The Jeyenne, Ultrahigh, Under Cover Music Group",22
1998,"Beroshima Electric Music, Big Time International, Cajual Records, Christopher Just, DJ Appollo, Dave Angel, Djax Up Beats, Dr. Motte, Electrofunk, Furry Windmill Records, Kosmo Records, Low Spirit Recordings, Office 7, Piet Blank, Roberto Q. Ingram, Superfly, The Advent, Upright Songs",18
1999,"Alphabet City, BMG Entertainment International UK & Ireland, DNS Records, Duty Free Recordings, Intercord Tonträger, International Deejay Gigolo Records, Kanzleramt, Ladomat 2000, London Records, Low Spirit Recordings, MFS, Motor Music, Müller Records, Sony Music Entertainment, V2 Records, Virgin Records",16
2000,"B-Sides, Dave Diggler, Disco B, EMI Electrola, International Deejay Gigolo Records, Kontor Records, Kosmo Music, Kosmo Records, Low Spirit Recordings, Müller Records, Nathalie De Borah, Netrecord-Z, Old Mortales, Paul van Dyk, Sony Music Entertainment (Japan), Virgin Schallplatten, Zeitgeist",17
2001,"430 West Records, BPitch Control, Gang Go Music, International Deejay Gigolo Records, Kitty-Yo, Low Spirit Recordings, Media Records, Müller Records, Paul van Dyk, Punx Records, R&S Records, Sony Music Entertainment (Japan), Sony Music Entertainment（Germany）, Timo Maas, Tresor Records, Under Cover Music Group, Ural 13 Records, V2 Records, Virgin Schallplatten",19
2002,"1st Decade Records, Blaou, CL Recordings, Dust Traxx, Fumakilla, Gang go Music, International Deejay Gigolo Records, Kanzleramt, Ki/oon Records, Low Spirit Recordings, Media Records, Mutekki Germany, Müller Records, Oid Mortales, Paul van Dyk, Perfecto Records, Play It By Ear, Skint Records, Superstar Recordings, Virgin Schallplatten, You Records",21
2003,"CLR, EC Records, FOD, Gang go Music, Goldrush Entertainment, Intec Records, Low Spirit Recordings, Nerven Records, Paul van Dyk, Short Cut, Silly Spider, Technothing Records, ZYX Music, Zync Recordings",14
2004,"1st Decade Records, Ba-Back Records, Fumakilla, Future Music, Grand Petrol Recordings, Holon Records, Kanzleramt, Ki/oon Records, Low Spirit Music, Low Spirit Recordings, Play It Again Sam, Punx Records, Special Needs Recordings, Superstar Entertainment, Urban Records, Warner Strategic Marketing",16
2005,"Finger Lickin' Records, Four Music, International Deejay Gigolo Records, Kompakt, Kosmo Records, Low Spirit Recordings, Meerestief, Moonbootique Records, Oid Mortales, Play It Again Sam, Selected Works, Style Rockets, Universal Music Domestic Division, Voidcom",14
2006,"Breastfed Records, Coopleigh Holdings, Fine Records, Finger Lickin' Records, Fumakilla, Funky Chincken Records, Future Music, Get Physical Music, Great Stuff, Jackmoves, Ki/oon Records, King Kong Records, Kling Klong, Kontor Records, Kosmo Music, Low Spirit Recordings, Ministry Of Sound Recordings(Germany), Moonbootique Records, Mouseville Records, Oid Mortales, Punx Records, Selected Works",22
2007,"1st Decade Records, 8bit Records, Alphabet City, Cocoon Music Event, Deichkind GbR, EMI Music, Kittball Records, Kompakt, Kontor Records, Low Spirit Recordings, Moonbootique Records, Opaque Music, Pickadoll Music, Pineapple Records, Poker Flat Recordings, Polo Records, Poww! Music, Punx Records, Room Recordings, Roxy Records, Sugaspin Records, Superfancy Recordings, Sureplayer Records, Tabularaza, Toptrax Recordings",25
2008,"8bit Records, Artillery Records, Beatdisaster Records, CLR, Cannibal Society, Cécille Records, Datapunk, Euphonic, Italic, Klang Elektronik, Kontor Records, LJ Recordings, Mau5trap Recordings, Metatron Recordings, Milk & Sugar Recordings, Moonbootique Records, Patterns, Sven Wittekind Records, Technasia, Tiger Records, Toptrax Recordings, Traum Schallplatten, Yellow Tail, ZYX Music",24
2009,"8bit Records, Anjunabeats, Bass Planet, CL Recordings, Cocoon Recordings, Compost Records, Connaisseur Recordings, Datapunk, Desolat Music Group, Drumcode, Euphonic, Get Physical Music, Great Stuff, Kontor Records, Maelstrom Records, Milk & Sugar Recordings, Planet Gong, Punx Records, Toptrax Recordings, Traum Schallplatten, Yellow Tail",21
2010,"120db Records, 2-Dutch BV, Abschuss Records, Armada Music, Bass Planet, Battle Kingz, Be Yourself Music, CLR, Cajual Music, Diynamic Music, Dutch Master Works, Garuda Music, Great Stuff, Hedgehog, Interlabel Records, P Playground, Planetnatus, Plastic City, Sick Weird Rough, Sound4Group, Systematic Recordings, Traum Schallplatten, Vandit Records",23
2011,"1605 Music Therapy, Armin Audio, Bass Planet, Beat Freak Recordings, Bouq. Records, Boysnoize Records, Compuphonic, Cr2 Records, Definitive Recordings, Dim Mak Records, Flamingo Recordings, Gruuv, Hotfingers, Kammermeier And Merziger, Kingdom Kome Cuts, Kittball Records, Kontor Records, Mau5trap Recordings, Morrison Recordings, New State Music, Nirvana Recordings, Nouveau Niveau, Ostgut Ton, Paul Kalkbrenner Musik, Rekids, Saved Records, Size Records, Skint Records, Soundcolours, Superstar, Systematic Recordings, Temps d'Avance, Tiger Records, Tribal Vision Records, Unt Records, WePlay",36
2012,"Area Remote, Armada Music, Axtone Records, Bass Planet, Bazooka Records, Break New Soil, Cadenza Records, Connaisseur Recordings, Cr2 Records, Cécille Records, Drumcode, Flamingo Recordings, Flashover Recordings, Great Stuff, Hardwell Productions, Intec Digital, Kontor Records, Magik Muzik, Mau5trap Recordings, Ministry of Sound Australia, Mobilee, Mudra Audio, Neon Records, Nouveau Niveau, Paul van Dyk, Platform B, Spinnin' Records, Suol, Systematic Recordings, TK Recordings, Tiger Records, Tone Diary Recordings, Traum Schallplatten, Ultra Records, WePlay",35
2013,"Apart12, Armin Audio, Bass Planet, Beatdisaster Records, Big Fish Music, Bontage Music, Cr2 Records, Cécille Records, Drumcode, Figure, Flashover Recordings, Four Music, Garuda music, Great Stuff, Hardwell Productions, Kompakt, Kontor Records, Mobilee, Monaberry, Nouveau Niveau, PinkStar Records, Poesie Musik, Sixteenofive, Sourvenir Music, Systematic Recordings, Tiger Records, Toolroom Records, Traum Schallplatten, WePlay, liebe*detail",30
2014,"1605 Music Therapy, 303Lovers, Abstract Records, Armada Music, Armin Audio, Axtone Records, BluFin Records, Burlesque Musique, Four Music, Great Stuff, Hardwell Productions, Ideal Audio, Kontor Records, Kraftek, Lochmann Records, Nouveau Niveau, Over., Protocol Recordings, S2 Records, Soundplate Records, Spinnin' Records, Stil Vor Talent, Temps d'Avance, Tiger Records, Traum Schallplatten, Turbo Recordings, Ultra Records, Van de Wall International, Wake Your Mind Records, WePlay",30
2015,"Armada Music, Armin Audio, Aropa Records, Axtone Records, Black Hole Recordings, Burlesque Musique, CNR Records, Chillbeat Records, City Slang, Danse Club Records, Drumcode, Ego Music, F! Records, Flashover Recordings, Hospital Records, Hungry Music, Kampakt, Kontor Records, Moonbootique Records, Noir Music, Praxxiz, Revealed Recordings, Smash The House, Soso, Tiger Records, Tonspiel, Truesoul, Wake Your Mind Records, WePlay, What I Play, Wild Animals",31
2016,"8bit Records, Anjunabeats, Armada Music, Armin Audio, Blindfold Recordings, Cocoon Recordings, Concepts Of Time, Doorn Records, Formatik Records, HEXAGON, Herzblut Recordings, Kontor Records, MOD, Maxximize, Mesmeric Records, Micro Fon Records, Mobille, Musical Freedom Label, Nouveau Niveau, OFF Recordings, Parquet Recordings, Revealed Recordings, Smash The House, Spinnin' Records, Suara Music, Sudbeat Music, Terminal M, Tonspiel, Toolroom Records, What I Play",30
2017,"2-Dutch, Armada Music, Armin Audio, Be Yourself Catalogue, Black Hole Recordings, Cocoon Recordings, Coldharbour Recordings, Diffused Music, Diynamic Music, Drumcode, FSOE Recordings, Figure, Fonk Recordings, Jee Productions, Kontor Records, Nonstop Music Group, Revealed Recordings, Running Back, STMPD RCRDS, Sapiens, Sirup Music, Sirup Musik, Smash The House, Spintwist Records, Subliminal Records, Terminal M, Truesoul",27
2018,"Anjunadeep, Armada Music, Armin Audio, Cloud 9 Music, Cocoon Recordings, Cr2 Records, Dirtybird, Drumcode, Eclipse Recordings, Einmusika Recordings, Elevate, Embassy One, Future Sound Of Egypt, International Deejay Gigolo Records, Kompakt, Kontor Records, Kraftek Music, Musicismusic, Revealed Recordings, Sirup Music, Smash The House, Spintwist Records, Subvision, Tiger Records, Vaypor, Wall Recordings, Wild Animals Records",27
2019,"Armada Music, Armin Audio, Darklight Recordings, Days Like Nights, Diynamic Music, Embassy One, Found Frequencies, HEXAGON, Harthouse, JEUDI Records, Kling Klong, Kontor Records, Lost & Cie, Musical Freedom Records, Nouveau Niveau, Octopus Recordings, Parquet Recordings, Radiant., Reaching Altitude, Renaissance, Revealed Recordings, Second State, Sirup Music, Soundcolours, Spintwist Records, Stil Vor Talent, Systematic Recordings",27
2020,"Armada Music, Armada music, Arts, CamelPhat Limited, Central Station Records, Club Sweat, Cr2 Records, Defferent Recordings, Dirtybird, Embassy One, Found Frequencies, Fryhide Records, Infectious Records, KMS Records, Kontor Records, Musicismusic, SOM, Sirup Music, Soundcolours, Spectrum Music, Spintwist Records, Sweat It Out!, Toolroom Productions, True Romance, Ultra Records, Universal Music",26
