Acid House,1
Acid House,2
Acid House,3
Acid House,4
Acid House,5
Acid House,6
Acid House,7
Acid House,8
Acid House,9
Acid House,10
Acid House,11
Acid House,12
Acid House,13
Acid House,14
Acid House,15
Acid House,16
Acid House,17
Acid House,18
Acid House,19
Acid House,20
Acid House,21
Acid House,22
Acid House,23
Acid House,24
Acid House,25
Acid House,26
Acid House,27
Acid House,28
Acid House,29
Acid House,30
Acid House,31
Acid House,32
Acid House,33
Acid House,34
Acid House,35
Acid House,36
Acid House,37
Acid House,38
Acid House,39
Acid House,40
Acid House,41
Acid House,42
Acid House,43
Acid House,44
Acid House,45
Acid House,46
Acid House,47
Acid House,48
Acid House,49
Acid House,50
Acid House,51
Acid House,52
Acid House,53
Acid House,54
Acid House,55
Acid House,56
Acid House,57
Acid House,58
Acid House,59
Acid House,60
Acid House,61
Acid House,62
Acid House,63
Acid House,64
Acid House,65
Acid House,66
Acid House,67
Acid House,68
Acid House,69
Acid House,70
Acid House,71
Acid House,72
Acid House,73
Acid House,74
Acid House,75
Acid House,76
Acid House,77
Acid House,78
Acid House,79
Acid House,80
Acid House,81
Acid House,82
Acid House,83
Acid House,84
Acid House,85
Acid House,86
Acid House,87
Acid House,88
Acid House,89
Acid House,90
Acid House,91
Acid House,92
Acid House,93
Acid House,94
Acid House,95
Acid House,96
Acid House,97
Acid House,98
Acid House,99
Acid House,100
Acid House,101
Acid House,102
Acid House,103
Acid House,104
breakbeat,1
breakbeat,2
breakbeat,3
breakbeat,4
breakbeat,5
breakbeat,6
breakbeat,7
breakbeat,8
breakbeat,9
breakbeat,10
breakbeat,11
breakbeat,12
breakbeat,13
breakbeat,14
breakbeat,15
breakbeat,16
breakbeat,17
breakbeat,18
breakbeat,19
breakbeat,20
breakbeat,21
breakbeat,22
breakbeat,23
breakbeat,24
breakbeat,25
breakbeat,26
breakbeat,27
breakbeat,28
breakbeat,29
breakbeat,30
breakbeat,31
breakbeat,32
breakbeat,33
breakbeat,34
breakbeat,35
breakbeat,36
breakbeat,37
breakbeat,38
breakbeat,39
breakbeat,40
breakbeat,41
breakbeat,42
breakbeat,43
breakbeat,44
breakbeat,45
breakbeat,46
breakbeat,47
breakbeat,48
breakbeat,49
breakbeat,50
breakbeat,51
breakbeat,52
breakbeat,53
breakbeat,54
breakbeat,55
breakbeat,56
breakbeat,57
breakbeat,58
breakbeat,59
breakbeat,60
breakbeat,61
breakbeat,62
breakbeat,63
breakbeat,64
breakbeat,65
breakbeat,66
breakbeat,67
breakbeat,68
breakbeat,69
breakbeat,70
breakbeat,71
breakbeat,72
breakbeat,73
breakbeat,74
breakbeat,75
breakbeat,76
breakbeat,77
breakbeat,78
breakbeat,79
breakbeat,80
breakbeat,81
breakbeat,82
breakbeat,83
breakbeat,84
breakbeat,85
Chicago House,1
Chicago House,2
Chicago House,3
Chicago House,4
Chicago House,5
Chicago House,6
Chicago House,7
Chicago House,8
Chicago House,9
Chicago House,10
Chicago House,11
Chicago House,12
Chicago House,13
Chicago House,14
Chicago House,15
Chicago House,16
Chicago House,17
Chicago House,18
Chicago House,19
Chicago House,20
Chicago House,21
Chicago House,22
Chicago House,23
Chicago House,24
Chicago House,25
Chicago House,26
Chicago House,27
Chicago House,28
Chicago House,29
Chicago House,30
Chicago House,31
Chicago House,32
Chicago House,33
Chicago House,34
Chicago House,35
Chicago House,36
Chicago House,37
Chicago House,38
Chicago House,39
Chicago House,40
Chicago House,41
Chicago House,42
Chicago House,43
Chicago House,44
Chicago House,45
Chicago House,46
Chicago House,47
Chicago House,48
Chicago House,49
Chicago House,50
Chicago House,51
Chicago House,52
Chicago House,53
Chicago House,54
Chicago House,55
Chicago House,56
Chicago House,57
Chicago House,58
Chicago House,59
Chicago House,60
Chicago House,61
Chicago House,62
Chicago House,63
Chicago House,64
Chicago House,65
Chicago House,66
Chicago House,67
Chicago House,68
Chicago House,69
Chicago House,70
Chicago House,71
Chicago House,72
Chicago House,73
Chicago House,74
Chicago House,75
Chicago House,76
Chicago House,77
Chicago House,78
Chicago House,79
Chicago House,80
Chicago House,81
Chicago House,82
Chicago House,83
Chicago House,84
Chicago House,85
Chicago House,86
Chicago House,87
Chicago House,88
Chicago House,89
Chicago House,90
Chicago House,91
Chicago House,92
Chicago House,93
Chicago House,94
Chicago House,95
Chicago House,96
Chicago House,97
Chicago House,98
Chicago House,99
Chicago House,100
Chicago House,101
Chicago House,102
Chicago House,103
Chicago House,104
Chicago House,105
Chicago House,106
Chicago House,107
Chicago House,108
Chicago House,109
Chicago House,110
Chicago House,111
Chicago House,112
Chicago House,113
Chicago House,114
Chicago House,115
Chicago House,116
Chicago House,117
Chicago House,118
Chicago House,119
Chicago House,120
Chicago House,121
Chicago House,122
Chicago House,123
Chicago House,124
Chicago House,125
Chicago House,126
Chicago House,127
Chicago House,128
Chicago House,129
Chicago House,130
Chicago House,131
Chicago House,132
Chicago House,133
Chicago House,134
Chicago House,135
Chicago House,136
Chicago House,137
Chicago House,138
Chicago House,139
Chicago House,140
Chicago House,141
Chicago House,142
Deep House,1
Deep House,2
Deep House,3
Deep House,4
Deep House,5
Deep House,6
Deep House,7
Deep House,8
Deep House,9
Deep House,10
Deep House,11
Deep House,12
Deep House,13
Deep House,14
Deep House,15
Deep House,16
Deep House,17
Deep House,18
Deep House,19
Deep House,20
Deep House,21
Deep House,22
Deep House,23
Deep House,24
Deep House,25
Deep House,26
Deep House,27
Deep House,28
Deep House,29
Deep House,30
Deep House,31
Deep House,32
Deep House,33
Deep House,34
Deep House,35
Deep House,36
Deep House,37
Deep House,38
Deep House,39
Deep House,40
Deep House,41
Deep House,42
Deep House,43
Deep House,44
Deep House,45
Deep House,46
Deep House,47
Deep House,48
Deep House,49
Deep House,50
Deep House,51
Deep House,52
Deep House,53
Deep House,54
Deep House,55
Deep House,56
Deep House,57
Deep House,58
Deep House,59
Deep House,60
Deep House,61
Deep House,62
Deep House,63
Deep House,64
Deep House,65
Deep House,66
Deep House,67
Deep House,68
Deep House,69
Deep House,70
Deep House,71
Deep House,72
Deep House,73
Deep House,74
Deep House,75
Deep House,76
Deep House,77
Deep House,78
Deep House,79
Deep House,80
Deep House,81
Deep House,82
Deep House,83
Deep House,84
Deep House,85
Deep House,86
Deep House,87
Deep House,88
Deep House,89
Deep House,90
Deep House,91
Deep House,92
Deep House,93
Deep House,94
Deep House,95
Deep House,96
Deep House,97
Deep House,98
Deep House,99
Deep House,100
Deep House,101
Deep House,102
Deep House,103
Deep House,104
Deep House,105
Deep House,106
Deep House,107
Deep House,108
Deep House,109
Deep House,110
Deep House,111
Deep House,112
Deep House,113
Deep House,114
Deep House,115
Deep House,116
Deep House,117
Deep House,118
Deep House,119
Deep House,120
Deep House,121
Deep House,122
Deep House,123
Deep House,124
Deep House,125
Deep House,126
Deep House,127
Deep House,128
Deep House,129
Deep House,130
Deep House,131
Deep House,132
Deep House,133
Deep House,134
Deep House,135
Deep House,136
Deep House,137
Deep House,138
Deep House,139
Deep House,140
Deep House,141
Deep House,142
Deep House,143
Deep House,144
Deep House,145
Deep House,146
Deep House,147
Deep House,148
Deep House,149
Deep House,150
Deep House,151
Deep House,152
Deep House,153
Deep House,154
Deep House,155
Deep House,156
Deep House,157
Deep House,158
Deep House,159
Deep House,160
Deep House,161
Deep House,162
Deep House,163
Deep House,164
Deep House,165
Deep House,166
Deep House,167
Deep House,168
Deep House,169
Deep House,170
Deep House,171
Deep House,172
Deep House,173
Deep House,174
Deep House,175
Deep House,176
Deep House,177
Deep House,178
Deep House,179
Deep House,180
Deep House,181
Deep House,182
Deep House,183
Deep House,184
Deep House,185
Deep House,186
Detroit Techno 1st,1
Detroit Techno 1st,2
Detroit Techno 1st,3
Detroit Techno 1st,4
Detroit Techno 1st,5
Detroit Techno 1st,6
Detroit Techno 1st,7
Detroit Techno 1st,8
Detroit Techno 1st,9
Detroit Techno 1st,10
Detroit Techno 1st,11
Detroit Techno 1st,12
Detroit Techno 1st,13
Detroit Techno 1st,14
Detroit Techno 1st,15
Detroit Techno 1st,16
Detroit Techno 1st,17
Detroit Techno 1st,18
Detroit Techno 1st,19
Detroit Techno 1st,20
Detroit Techno 1st,21
Detroit Techno 1st,22
Detroit Techno 1st,23
Detroit Techno 1st,24
Detroit Techno 1st,25
Detroit Techno 1st,26
Detroit Techno 1st,27
Detroit Techno 1st,28
Detroit Techno 1st,29
Detroit Techno 1st,30
Detroit Techno 1st,31
Detroit Techno 1st,32
Detroit Techno 1st,33
Detroit Techno 1st,34
Detroit Techno 1st,35
Detroit Techno 1st,36
Detroit Techno 1st,37
Detroit Techno 1st,38
Detroit Techno 1st,39
Detroit Techno 1st,40
Detroit Techno 1st,41
Detroit Techno 1st,42
Detroit Techno 1st,43
Detroit Techno 1st,44
Detroit Techno 1st,45
Detroit Techno 1st,46
Detroit Techno 1st,47
Detroit Techno 1st,48
Detroit Techno 1st,49
Detroit Techno 1st,50
Detroit Techno 1st,51
Detroit Techno 1st,52
Detroit Techno 1st,53
Detroit Techno 1st,54
Detroit Techno 1st,55
Detroit Techno 1st,56
Detroit Techno 1st,57
Detroit Techno 1st,58
Detroit Techno 1st,59
Detroit Techno 1st,60
Detroit Techno 1st,61
Detroit Techno 1st,62
Detroit Techno 1st,63
Detroit Techno 1st,64
Detroit Techno 1st,65
Detroit Techno 1st,66
Detroit Techno 1st,67
Detroit Techno 1st,68
Detroit Techno 1st,69
Detroit Techno 1st,70
Detroit Techno 1st,71
Detroit Techno 1st,72
Detroit Techno 1st,73
Detroit Techno 1st,74
Detroit Techno 1st,75
Detroit Techno 1st,76
Detroit Techno 1st,77
Detroit Techno 1st,78
Detroit Techno 1st,79
Detroit Techno 1st,80
Detroit Techno 1st,81
Detroit Techno 1st,82
Detroit Techno 1st,83
Detroit Techno 1st,84
Detroit Techno 1st,85
Detroit Techno 1st,86
Detroit Techno 1st,87
Detroit Techno 1st,88
Detroit Techno 1st,89
Detroit Techno 1st,90
Detroit Techno 1st,91
Detroit Techno 1st,92
Detroit Techno 1st,93
Detroit Techno 1st,94
Detroit Techno 1st,95
Detroit Techno 1st,96
Detroit Techno 1st,97
Detroit Techno 1st,98
Detroit Techno 1st,99
Detroit Techno 1st,100
Detroit Techno 1st,101
Detroit Techno 1st,102
Detroit Techno 1st,103
Detroit Techno 1st,104
Detroit Techno 1st,105
Detroit Techno 1st,106
Detroit Techno 1st,107
Detroit Techno 1st,108
Detroit Techno 1st,109
Detroit Techno 1st,110
Detroit Techno 1st,111
Detroit Techno 1st,112
Detroit Techno 1st,113
Detroit Techno 1st,114
Detroit Techno 1st,115
Detroit Techno 1st,116
Detroit Techno 1st,117
Detroit Techno 1st,118
Detroit Techno 1st,119
Detroit Techno 1st,120
Detroit Techno 1st,121
Detroit Techno 1st,122
Detroit Techno 1st,123
Detroit Techno 1st,124
Detroit Techno 1st,125
Detroit Techno 1st,126
Detroit Techno 1st,127
Detroit Techno 1st,128
Detroit Techno 1st,129
Detroit Techno 1st,130
Detroit Techno 1st,131
Detroit Techno 1st,132
Detroit Techno 1st,133
Detroit Techno 1st,134
Detroit Techno 1st,135
Detroit Techno 1st,136
Detroit Techno 1st,137
Detroit Techno 1st,138
Detroit Techno 1st,139
Detroit Techno 1st,140
Detroit Techno 1st,141
Detroit Techno 1st,142
Detroit Techno 1st,143
Detroit Techno 1st,144
Detroit Techno 1st,145
Detroit Techno 1st,146
Detroit Techno 1st,147
Detroit Techno 1st,148
Detroit Techno 1st,149
Detroit Techno 1st,150
Detroit Techno 1st,151
Detroit Techno 1st,152
Detroit Techno 1st,153
Detroit Techno 1st,154
Detroit Techno 1st,155
Detroit Techno 1st,156
Detroit Techno 1st,157
Detroit Techno 1st,158
Detroit Techno 1st,159
Detroit Techno 1st,160
Detroit Techno 1st,161
Detroit Techno 1st,162
Detroit Techno 1st,163
Detroit Techno 1st,164
Detroit Techno 1st,165
Detroit Techno 1st,166
Detroit Techno 1st,167
Detroit Techno 1st,168
Detroit Techno 1st,169
Detroit Techno 1st,170
Detroit Techno 1st,171
Detroit Techno 1st,172
Detroit Techno 1st,173
Detroit Techno 1st,174
Detroit Techno 1st,175
Detroit Techno 1st,176
Detroit Techno 2nd,1
Detroit Techno 2nd,2
Detroit Techno 2nd,3
Detroit Techno 2nd,4
Detroit Techno 2nd,5
Detroit Techno 2nd,6
Detroit Techno 2nd,7
Detroit Techno 2nd,8
Detroit Techno 2nd,9
Detroit Techno 2nd,10
Detroit Techno 2nd,11
Detroit Techno 2nd,12
Detroit Techno 2nd,13
Detroit Techno 2nd,14
Detroit Techno 2nd,15
Detroit Techno 2nd,16
Detroit Techno 2nd,17
Detroit Techno 2nd,18
Detroit Techno 2nd,19
Detroit Techno 2nd,20
Detroit Techno 2nd,21
Detroit Techno 2nd,22
Detroit Techno 2nd,23
Detroit Techno 2nd,24
Detroit Techno 2nd,25
Detroit Techno 2nd,26
Detroit Techno 2nd,27
Detroit Techno 2nd,28
Detroit Techno 2nd,29
Detroit Techno 2nd,30
Detroit Techno 2nd,31
Detroit Techno 2nd,32
Detroit Techno 2nd,33
Detroit Techno 2nd,34
Detroit Techno 2nd,35
Detroit Techno 2nd,36
Detroit Techno 2nd,37
Detroit Techno 2nd,38
Detroit Techno 2nd,39
Detroit Techno 2nd,40
Detroit Techno 2nd,41
Detroit Techno 2nd,42
Detroit Techno 2nd,43
Detroit Techno 2nd,44
Detroit Techno 2nd,45
Detroit Techno 2nd,46
Detroit Techno 2nd,47
Detroit Techno 2nd,48
Detroit Techno 2nd,49
Detroit Techno 2nd,50
Detroit Techno 2nd,51
Detroit Techno 2nd,52
Detroit Techno 2nd,53
Detroit Techno 2nd,54
Detroit Techno 2nd,55
Detroit Techno 2nd,56
Detroit Techno 2nd,57
Detroit Techno 2nd,58
Detroit Techno 2nd,59
Detroit Techno 2nd,60
Detroit Techno 2nd,61
Detroit Techno 2nd,62
Detroit Techno 2nd,63
Detroit Techno 2nd,64
Detroit Techno 2nd,65
Detroit Techno 2nd,66
Detroit Techno 2nd,67
Detroit Techno 2nd,68
Detroit Techno 2nd,69
Detroit Techno 2nd,70
Detroit Techno 2nd,71
Detroit Techno 2nd,72
Detroit Techno 2nd,73
Detroit Techno 2nd,74
Detroit Techno 2nd,75
Detroit Techno 2nd,76
Detroit Techno 2nd,77
Detroit Techno 2nd,78
Detroit Techno 2nd,79
Detroit Techno 2nd,80
Detroit Techno 2nd,81
Detroit Techno 2nd,82
Detroit Techno 2nd,83
Detroit Techno 2nd,84
Detroit Techno 2nd,85
Detroit Techno 2nd,86
Detroit Techno 2nd,87
Detroit Techno 2nd,88
Detroit Techno 2nd,89
Detroit Techno 2nd,90
Detroit Techno 2nd,91
Detroit Techno 2nd,92
Detroit Techno 2nd,93
Detroit Techno 2nd,94
Detroit Techno 2nd,95
Detroit Techno 2nd,96
Detroit Techno 2nd,97
Detroit Techno 2nd,98
Detroit Techno 2nd,99
Detroit Techno 2nd,100
Detroit Techno 2nd,101
Detroit Techno 2nd,102
Detroit Techno 2nd,103
Detroit Techno 2nd,104
Detroit Techno 2nd,105
Detroit Techno 2nd,106
Detroit Techno 2nd,107
Detroit Techno 2nd,108
Detroit Techno 2nd,109
Detroit Techno 2nd,110
Detroit Techno 2nd,111
Detroit Techno 2nd,112
Detroit Techno 2nd,113
Detroit Techno 2nd,114
Detroit Techno 2nd,115
Detroit Techno 2nd,116
Detroit Techno 2nd,117
Detroit Techno 2nd,118
Detroit Techno 2nd,119
Detroit Techno 2nd,120
Detroit Techno 2nd,121
Detroit Techno 2nd,122
Detroit Techno 2nd,123
Detroit Techno 2nd,124
Detroit Techno 2nd,125
Detroit Techno 2nd,126
Detroit Techno 2nd,127
Detroit Techno 2nd,128
Detroit Techno 2nd,129
Detroit Techno 2nd,130
Detroit Techno 2nd,131
Detroit Techno 2nd,132
Detroit Techno 2nd,133
Detroit Techno 2nd,134
Detroit Techno 2nd,135
Detroit Techno 2nd,136
Detroit Techno 2nd,137
Detroit Techno 2nd,138
Detroit Techno 2nd,139
Detroit Techno 2nd,140
Detroit Techno 2nd,141
Detroit Techno 2nd,142
Detroit Techno 2nd,143
Detroit Techno 2nd,144
Detroit Techno 2nd,145
Detroit Techno 2nd,146
Detroit Techno 2nd,147
Detroit Techno 2nd,148
Detroit Techno 2nd,149
Detroit Techno 2nd,150
Detroit Techno 2nd,151
Detroit Techno 2nd,152
Detroit Techno 2nd,153
Detroit Techno 2nd,154
Detroit Techno 2nd,155
Detroit Techno 2nd,156
Detroit Techno 2nd,157
Detroit Techno 2nd,158
Detroit Techno 2nd,159
Detroit Techno 2nd,160
Detroit Techno 2nd,161
Detroit Techno 2nd,162
Detroit Techno 2nd,163
Detroit Techno 2nd,164
Detroit Techno 2nd,165
Detroit Techno 2nd,166
Detroit Techno 2nd,167
Detroit Techno 2nd,168
Detroit Techno 2nd,169
Detroit Techno 2nd,170
Detroit Techno 2nd,171
Detroit Techno 2nd,172
Detroit Techno 2nd,173
Detroit Techno 2nd,174
Detroit Techno 2nd,175
Detroit Techno 2nd,176
Detroit Techno 2nd,177
Detroit Techno 2nd,178
Detroit Techno 2nd,179
Detroit Techno 2nd,180
Detroit Techno 2nd,181
Detroit Techno 2nd,182
Detroit Techno 2nd,183
Detroit Techno 2nd,184
Detroit Techno 2nd,185
Detroit Techno 2nd,186
Detroit Techno 2nd,187
Detroit Techno 2nd,188
Detroit Techno 2nd,189
Detroit Techno 2nd,190
Detroit Techno 2nd,191
Detroit Techno 2nd,192
Detroit Techno 2nd,193
Detroit Techno 2nd,194
Detroit Techno 2nd,195
Detroit Techno 2nd,196
Detroit Techno 2nd,197
Detroit Techno 2nd,198
Detroit Techno 2nd,199
Detroit Techno 2nd,200
Detroit Techno 2nd,201
Detroit Techno 2nd,202
Detroit Techno 2nd,203
downbeat,1
downbeat,2
downbeat,3
downbeat,4
downbeat,5
downbeat,6
downbeat,7
downbeat,8
downbeat,9
downbeat,10
downbeat,11
downbeat,12
downbeat,13
downbeat,14
downbeat,15
downbeat,16
downbeat,17
downbeat,18
downbeat,19
downbeat,20
downbeat,21
downbeat,22
downbeat,23
downbeat,24
downbeat,25
downbeat,26
downbeat,27
downbeat,28
downbeat,29
downbeat,30
downbeat,31
downbeat,32
downbeat,33
downbeat,34
downbeat,35
downbeat,36
downbeat,37
downbeat,38
downbeat,39
downbeat,40
downbeat,41
downbeat,42
downbeat,43
downbeat,44
downbeat,45
downbeat,46
downbeat,47
downbeat,48
downbeat,49
downbeat,50
downbeat,51
downbeat,52
downbeat,53
downbeat,54
downbeat,55
downbeat,56
downbeat,57
downbeat,58
downbeat,59
downbeat,60
downbeat,61
downbeat,62
downbeat,63
downbeat,64
downbeat,65
downbeat,66
downbeat,67
downbeat,68
downbeat,69
downbeat,70
downbeat,71
downbeat,72
downbeat,73
downbeat,74
downbeat,75
downbeat,76
downbeat,77
downbeat,78
downbeat,79
downbeat,80
downbeat,81
downbeat,82
downbeat,83
downbeat,84
downbeat,85
downbeat,86
downbeat,87
downbeat,88
downbeat,89
downbeat,90
downbeat,91
downbeat,92
downbeat,93
downbeat,94
downbeat,95
Downbeat US,1
Downbeat US,2
Downbeat US,3
Downbeat US,4
Downbeat US,5
Downbeat US,6
Downbeat US,7
Downbeat US,8
Downbeat US,9
Downbeat US,10
Downbeat US,11
Downbeat US,12
Downbeat US,13
Downbeat US,14
Downbeat US,15
Downbeat US,16
Downbeat US,17
Downbeat US,18
Downbeat US,19
Downbeat US,20
Downbeat US,21
Downbeat US,22
Downbeat US,23
Downbeat US,24
Downbeat US,25
Downbeat US,26
Downbeat US,27
Downbeat US,28
Downbeat US,29
Downbeat US,30
Downbeat US,31
Downbeat US,32
Downbeat US,33
Downbeat US,34
Downbeat US,35
Downbeat US,36
Downbeat US,37
Downbeat US,38
Downbeat US,39
Downbeat US,40
Downbeat US,41
Downbeat US,42
Downbeat US,43
Downbeat US,44
Downbeat US,45
Downbeat US,46
Downbeat US,47
Downbeat US,48
Downbeat US,49
Downbeat US,50
Downbeat US,51
Downbeat US,52
Downbeat US,53
Downbeat US,54
Downbeat US,55
Downbeat US,56
Downbeat US,57
Downbeat US,58
Downbeat US,59
Downbeat US,60
Downbeat US,61
Downbeat US,62
Downbeat US,63
Downbeat US,64
Downbeat US,65
Downbeat US,66
Downbeat US,67
Downbeat US,68
Downbeat US,69
Downbeat US,70
Downbeat US,71
Downbeat US,72
Downbeat US,73
Downbeat US,74
Downbeat US,75
Downbeat US,76
Downbeat US,77
Downbeat US,78
Downbeat US,79
Downbeat US,80
Downbeat US,81
Downbeat US,82
Downbeat US,83
Downbeat US,84
Downbeat US,85
Downbeat US,86
Downbeat US,87
Downbeat US,88
Downbeat US,89
Downbeat US,90
Downbeat US,91
Downbeat US,92
Downbeat US,93
Downbeat US,94
Downbeat US,95
Downbeat US,96
Downbeat US,97
Downbeat US,98
Downbeat US,99
Downbeat US,100
eurodance,1
eurodance,2
eurodance,3
eurodance,4
eurodance,5
eurodance,6
eurodance,7
eurodance,8
eurodance,9
eurodance,10
eurodance,11
eurodance,12
eurodance,13
eurodance,14
eurodance,15
eurodance,16
eurodance,17
eurodance,18
eurodance,19
eurodance,20
eurodance,21
eurodance,22
eurodance,23
eurodance,24
eurodance,25
eurodance,26
eurodance,27
eurodance,28
eurodance,29
eurodance,30
eurodance,31
eurodance,32
eurodance,33
eurodance,34
eurodance,35
eurodance,36
eurodance,37
eurodance,38
eurodance,39
eurodance,40
eurodance,41
eurodance,42
eurodance,43
eurodance,44
eurodance,45
eurodance,46
eurodance,47
eurodance,48
eurodance,49
eurodance,50
eurodance,51
eurodance,52
eurodance,53
eurodance,54
eurodance,55
eurodance,56
eurodance,57
eurodance,58
eurodance,59
eurodance,60
eurodance,61
eurodance,62
eurodance,63
eurodance,64
eurodance,65
eurodance,66
eurodance,67
eurodance,68
eurodance,69
eurodance,70
eurodance,71
eurodance,72
eurodance,73
eurodance,74
eurodance,75
eurodance,76
eurodance,77
eurodance,78
eurodance,79
eurodance,80
eurodance,81
eurodance,82
eurodance,83
eurodance,84
eurodance,85
eurodance,86
eurodance,87
eurodance,88
eurodance,89
eurodance,90
eurodance,91
eurodance,92
eurodance,93
eurodance,94
eurodance,95
eurodance,96
eurodance,97
eurodance,98
eurodance,99
eurodance,100
eurodance,101
eurodance,102
eurodance,103
eurodance,104
eurodance,105
eurodance,106
eurodance,107
eurodance,108
eurodance,109
eurodance,110
eurodance,111
eurodance,112
eurodance,113
eurodance,114
eurodance,115
eurodance,116
eurodance,117
eurodance,118
eurodance,119
eurodance,120
eurodance,121
eurodance,122
eurodance,123
eurodance,124
eurodance,125
eurodance,126
eurodance,127
eurodance,128
eurodance,129
eurodance,130
eurodance,131
eurodance,132
eurodance,133
eurodance,134
eurodance,135
eurodance,136
eurodance,137
eurodance,138
eurodance,139
eurodance,140
eurodance,141
eurodance,142
eurodance,143
eurodance,144
eurodance,145
eurodance,146
eurodance,147
eurodance,148
eurodance,149
eurodance,150
eurodance,151
eurodance,152
eurodance,153
eurodance,154
eurodance,155
eurodance,156
eurodance,157
eurodance,158
eurodance,159
eurodance,160
eurodance,161
eurodance,162
eurodance,163
eurodance,164
eurodance,165
eurodance,166
eurodance,167
eurodance,168
eurodance,169
eurodance,170
eurodance,171
eurodance,172
eurodance,173
eurodance,174
eurodance,175
eurodance,176
eurodance,177
eurodance,178
eurodance,179
eurodance,180
eurodance,181
eurodance,182
eurodance,183
eurodance,184
eurodance,185
eurodance,186
eurodance,187
eurodance,188
eurodance,189
eurodance,190
eurodance,191
eurodance,192
eurodance,193
eurodance,194
eurodance,195
eurodance,196
eurodance,197
eurodance,198
eurodance,199
eurodance,200
eurodance,201
eurodance,202
eurodance,203
eurodance,204
eurodance,205
eurodance,206
eurodance,207
eurodance,208
eurodance,209
eurodance,210
eurodance,211
eurodance,212
eurodance,213
eurodance,214
eurodance,215
eurodance,216
eurodance,217
eurodance,218
eurodance,219
eurodance,220
eurodance,221
eurodance,222
eurodance,223
eurodance,224
eurodance,225
eurodance,226
eurodance,227
eurodance,228
eurodance,229
eurodance,230
eurodance,231
eurodance,232
Garage House,1
Garage House,2
Garage House,3
Garage House,4
Garage House,5
Garage House,6
Garage House,7
Garage House,8
Garage House,9
Garage House,10
Garage House,11
Garage House,12
Garage House,13
Garage House,14
Garage House,15
Garage House,16
Garage House,17
Garage House,18
Garage House,19
Garage House,20
Garage House,21
Garage House,22
Garage House,23
Garage House,24
Garage House,25
Garage House,26
Garage House,27
Garage House,28
Garage House,29
Garage House,30
Garage House,31
Garage House,32
Garage House,33
Garage House,34
Garage House,35
Garage House,36
Garage House,37
Garage House,38
Garage House,39
Garage House,40
Garage House,41
Garage House,42
Garage House,43
Garage House,44
Garage House,45
Garage House,46
Garage House,47
Garage House,48
Garage House,49
Garage House,50
Garage House,51
Garage House,52
Garage House,53
Garage House,54
Garage House,55
Garage House,56
Garage House,57
Garage House,58
Garage House,59
Garage House,60
Garage House,61
Garage House,62
Garage House,63
Garage House,64
Garage House,65
Garage House,66
Garage House,67
Garage House,68
Garage House,69
Garage House,70
Garage House,71
Garage House,72
Garage House,73
Garage House,74
Garage House,75
Garage House,76
Garage House,77
Garage House,78
Garage House,79
Garage House,80
Garage House,81
Garage House,82
Garage House,83
Garage House,84
Garage House,85
Garage House,86
Garage House,87
Garage House,88
Garage House,89
Garage House,90
Garage House,91
Garage House,92
Garage House,93
Garage House,94
Garage House,95
Garage House,96
Garage House,97
Garage House,98
Garage House,99
Garage House,100
Garage House,101
Garage House,102
Garage House,103
Garage House,104
Garage House,105
Garage House,106
Garage House,107
Garage House,108
Garage House,109
Garage House,110
Garage House,111
Garage House,112
Garage House,113
Garage House,114
Garage House,115
Garage House,116
Garage House,117
Garage House,118
Garage House,119
Garage House,120
Garage House,121
Garage House,122
Garage House,123
Garage House,124
Garage House,125
Garage House,126
Garage House,127
Garage House,128
Garage House,129
Garage House,130
Garage House,131
Garage House,132
Garage House,133
Garage House,134
Garage House,135
Garage House,136
Garage House,137
Garage House,138
Garage House,139
Garage House,140
Garage House,141
Garage House,142
Garage House,143
Garage House,144
Garage House,145
Garage House,146
Garage House,147
Garage House,148
Garage House,149
Garage House,150
Garage House,151
Garage House,152
Garage House,153
Garage House,154
Garage House,155
Garage House,156
Garage House,157
Garage House,158
Garage House,159
Garage House,160
Garage House,161
Garage House,162
Garage House,163
Garage House,164
Garage House,165
Garage House,166
Garage House,167
Garage House,168
Garage House,169
Garage House,170
Garage House,171
Garage House,172
Garage House,173
Garage House,174
Garage House,175
Garage House,176
Garage House,177
Garage House,178
Garage House,179
Garage House,180
Garage House,181
Garage House,182
Garage House,183
Garage House,184
Garage House,185
Garage House,186
Garage House,187
Garage House,188
Garage House,189
Garage House,190
Garage House,191
Garage House,192
Garage House,193
Garage House,194
Garage House,195
Garage House,196
Garage House,197
Garage House,198
Garage House,199
Garage House,200
Garage House,201
Garage House,202
Garage House,203
Garage House,204
Garage House,205
happy hardcore,1
happy hardcore,2
happy hardcore,3
happy hardcore,4
happy hardcore,5
happy hardcore,6
happy hardcore,7
happy hardcore,8
happy hardcore,9
happy hardcore,10
happy hardcore,11
happy hardcore,12
happy hardcore,13
happy hardcore,14
happy hardcore,15
happy hardcore,16
happy hardcore,17
happy hardcore,18
happy hardcore,19
happy hardcore,20
happy hardcore,21
happy hardcore,22
happy hardcore,23
happy hardcore,24
happy hardcore,25
happy hardcore,26
happy hardcore,27
happy hardcore,28
happy hardcore,29
happy hardcore,30
happy hardcore,31
happy hardcore,32
happy hardcore,33
happy hardcore,34
happy hardcore,35
happy hardcore,36
happy hardcore,37
happy hardcore,38
happy hardcore,39
happy hardcore,40
happy hardcore,41
happy hardcore,42
happy hardcore,43
happy hardcore,44
happy hardcore,45
happy hardcore,46
happy hardcore,47
happy hardcore,48
happy hardcore,49
happy hardcore,50
happy hardcore,51
happy hardcore,52
happy hardcore,53
happy hardcore,54
happy hardcore,55
happy hardcore,56
happy hardcore,57
happy hardcore,58
happy hardcore,59
happy hardcore,60
happy hardcore,61
happy hardcore,62
happy hardcore,63
happy hardcore,64
happy hardcore,65
happy hardcore,66
happy hardcore,67
happy hardcore,68
happy hardcore,69
happy hardcore,70
happy hardcore,71
happy hardcore,72
happy hardcore,73
happy hardcore,74
happy hardcore,75
happy hardcore,76
happy hardcore,77
happy hardcore,78
happy hardcore,79
happy hardcore,80
happy hardcore,81
happy hardcore,82
happy hardcore,83
happy hardcore,84
happy hardcore,85
happy hardcore,86
happy hardcore,87
happy hardcore,88
happy hardcore,89
happy hardcore,90
happy hardcore,91
happy hardcore,92
happy hardcore,93
happy hardcore,94
happy hardcore,95
happy hardcore,96
happy hardcore,97
happy hardcore,98
happy hardcore,99
happy hardcore,100
happy hardcore,101
happy hardcore,102
happy hardcore,103
happy hardcore,104
happy hardcore,105
happy hardcore,106
happy hardcore,107
happy hardcore,108
happy hardcore,109
happy hardcore,110
happy hardcore,111
happy hardcore,112
happy hardcore,113
happy hardcore,114
happy hardcore,115
happy hardcore,116
happy hardcore,117
happy hardcore,118
happy hardcore,119
happy hardcore,120
happy hardcore,121
happy hardcore,122
happy hardcore,123
happy hardcore,124
happy hardcore,125
happy hardcore,126
happy hardcore,127
happy hardcore,128
happy hardcore,129
happy hardcore,130
happy hardcore,131
happy hardcore,132
happy hardcore,133
happy hardcore,134
happy hardcore,135
happy hardcore,136
happy hardcore,137
happy hardcore,138
happy hardcore,139
happy hardcore,140
happy hardcore,141
happy hardcore,142
happy hardcore,143
happy hardcore,144
happy hardcore,145
happy hardcore,146
happy hardcore,147
hardcore,1
hardcore,2
hardcore,3
hardcore,4
hardcore,5
hardcore,6
hardcore,7
hardcore,8
hardcore,9
hardcore,10
hardcore,11
hardcore,12
hardcore,13
hardcore,14
hardcore,15
hardcore,16
hardcore,17
hardcore,18
hardcore,19
hardcore,20
hardcore,21
hardcore,22
hardcore,23
hardcore,24
hardcore,25
hardcore,26
hardcore,27
hardcore,28
hardcore,29
hardcore,30
hardcore,31
hardcore,32
hardcore,33
hardcore,34
hardcore,35
hardcore,36
hardcore,37
hardcore,38
hardcore,39
hardcore,40
hardcore,41
hardcore,42
hardcore,43
hardcore,44
hardcore,45
hardcore,46
hardcore,47
hardcore,48
hardcore,49
hardcore,50
hardcore,51
hardcore,52
hardcore,53
hardcore,54
hardcore,55
hardcore,56
hardcore,57
hardcore,58
hardcore,59
hardcore,60
hardcore,61
hardcore,62
hardcore,63
hardcore,64
hardcore,65
hardcore,66
hardcore,67
hardcore,68
hardcore,69
hardcore,70
hardcore,71
hardcore,72
hardcore,73
hardcore,74
hardcore,75
hardcore,76
hardcore,77
hardcore,78
hardcore,79
hardcore,80
hardcore,81
hardcore,82
hardcore,83
hardcore,84
hardcore,85
hardcore,86
hardcore,87
hardcore,88
hardcore,89
hardcore,90
hardcore,91
hardcore,92
hardcore,93
hardcore,94
hardcore,95
hardcore,96
hardcore,97
hardcore,98
hardcore,99
hardcore,100
hardcore,101
hardcore,102
hardcore,103
hardcore,104
hardcore,105
hardcore,106
hardcore,107
hardcore,108
hardcore,109
hardcore,110
Hardcore US,1
Hardcore US,2
Hardcore US,3
Hardcore US,4
Hardcore US,5
Hardcore US,6
Hardcore US,7
Hardcore US,8
Hardcore US,9
Hardcore US,10
Hardcore US,11
Hardcore US,12
Hardcore US,13
Hardcore US,14
Hardcore US,15
Hardcore US,16
Hardcore US,17
Hardcore US,18
Hardcore US,19
Hardcore US,20
Hardcore US,21
Hardcore US,22
Hardcore US,23
Hardcore US,24
Hardcore US,25
Hardcore US,26
Hardcore US,27
Hardcore US,28
Hardcore US,29
Hardcore US,30
hardtrance,1
hardtrance,2
hardtrance,3
hardtrance,4
hardtrance,5
hardtrance,6
hardtrance,7
hardtrance,8
hardtrance,9
hardtrance,10
hardtrance,11
hardtrance,12
hardtrance,13
hardtrance,14
hardtrance,15
hardtrance,16
hardtrance,17
hardtrance,18
hardtrance,19
hardtrance,20
hardtrance,21
hardtrance,22
hardtrance,23
hardtrance,24
hardtrance,25
hardtrance,26
hardtrance,27
hardtrance,28
hardtrance,29
hardtrance,30
hardtrance,31
hardtrance,32
hardtrance,33
hardtrance,34
hardtrance,35
hardtrance,36
hardtrance,37
hardtrance,38
hardtrance,39
hardtrance,40
hardtrance,41
hardtrance,42
hardtrance,43
hardtrance,44
hardtrance,45
hardtrance,46
hardtrance,47
hardtrance,48
hardtrance,49
hardtrance,50
hardtrance,51
hardtrance,52
hardtrance,53
hardtrance,54
hardtrance,55
hardtrance,56
hardtrance,57
hardtrance,58
hardtrance,59
hardtrance,60
hardtrance,61
hardtrance,62
hardtrance,63
hardtrance,64
hardtrance,65
hardtrance,66
hardtrance,67
hardtrance,68
hardtrance,69
hardtrance,70
hardtrance,71
hardtrance,72
hardtrance,73
hardtrance,74
hardtrance,75
hardtrance,76
hardtrance,77
hardtrance,78
hardtrance,79
hardtrance,80
hardtrance,81
hardtrance,82
hardtrance,83
hardtrance,84
hardtrance,85
hardtrance,86
hardtrance,87
hardtrance,88
hardtrance,89
hardtrance,90
hardtrance,91
hardtrance,92
hardtrance,93
hardtrance,94
hardtrance,95
hardtrance,96
hardtrance,97
hardtrance,98
hardtrance,99
hardtrance,100
hardtrance,101
hardtrance,102
hardtrance,103
hardtrance,104
hardtrance,105
hardtrance,106
hardtrance,107
hardtrance,108
hardtrance,109
hardtrance,110
hardtrance,111
hardtrance,112
hardtrance,113
hardtrance,114
hardtrance,115
hardtrance,116
hardtrance,117
hardtrance,118
hardtrance,119
hardtrance,120
hardtrance,121
hardtrance,122
hardtrance,123
hardtrance,124
hardtrance,125
hardtrance,126
hardtrance,127
hardtrance,128
hardtrance,129
hardtrance,130
hardtrance,131
hardtrance,132
hardtrance,133
hardtrance,134
hardtrance,135
hardtrance,136
hardtrance,137
hardtrance,138
hardtrance,139
hardtrance,140
hardtrance,141
hardtrance,142
hardtrance,143
hardtrance,144
hardtrance,145
hardtrance,146
hardtrance,147
hardtrance,148
hardtrance,149
hardtrance,150
hardtrance,151
hardtrance,152
hardtrance,153
hardtrance,154
hardtrance,155
hardtrance,156
hardtrance,157
hardtrance,158
hardtrance,159
hardtrance,160
hardtrance,161
hardtrance,162
hardtrance,163
hardtrance,164
hardtrance,165
hardtrance,166
hardtrance,167
hardtrance,168
hardtrance,169
Hip House,1
Hip House,2
Hip House,3
Hip House,4
Hip House,5
Hip House,6
Hip House,7
Hip House,8
Hip House,9
Hip House,10
Hip House,11
Hip House,12
Hip House,13
Hip House,14
Hip House,15
Hip House,16
Hip House,17
Hip House,18
Hip House,19
Hip House,20
Hip House,21
Hip House,22
Hip House,23
Hip House,24
Hip House,25
Hip House,26
Hip House,27
Hip House,28
Hip House,29
Hip House,30
Hip House,31
Hip House,32
Hip House,33
Hip House,34
Hip House,35
Hip House,36
Hip House,37
Hip House,38
Hip House,39
Hip House,40
Hip House,41
Hip House,42
Hip House,43
Hip House,44
Hip House,45
Hip House,46
Hip House,47
Hip House,48
Hip House,49
Hip House,50
Hip House,51
Hip House,52
Hip House,53
Hip House,54
Hip House,55
Hip House,56
Hip House,57
Hip House,58
Hip House,59
Hip House,60
Hip House,61
Hip House,62
Hip House,63
Hip House,64
Hip House,65
Hip House,66
Hip House,67
Hip House,68
Hip House,69
Hip House,70
Hip House,71
Hip House,72
Hip House,73
Hip House,74
Hip House,75
Hip House,76
Hip House,77
Hip House,78
Hip House,79
Hip House,80
Hip House,81
Hip House,82
Hip House,83
Hip House,84
Hip House,85
Hip House,86
Hip House,87
Hip House,88
Hip House,89
Hip House,90
Hip House,91
Hip House,92
Hip House,93
Hip House,94
Hip House,95
Hip House,96
Hip House,97
Hip House,98
Hip House,99
Hip House,100
Hip House,101
Hip House,102
Hip House,103
Hip House,104
Hip House,105
Hip House,106
Hip House,107
Hip House,108
Hip House,109
Hip House,110
Hip House,111
Hip House,112
Hip House,113
Hip House,114
Hip House,115
Hip House,116
Hip House,117
Hip House,118
Hip House,119
Hip House,120
Hip House,121
house,1
house,2
house,3
house,4
house,5
house,6
house,7
house,8
house,9
house,10
house,11
house,12
house,13
house,14
house,15
house,16
house,17
house,18
house,19
house,20
house,21
house,22
house,23
house,24
house,25
house,26
house,27
house,28
house,29
house,30
house,31
house,32
house,33
house,34
house,35
house,36
house,37
house,38
house,39
house,40
house,41
house,42
house,43
house,44
house,45
house,46
house,47
house,48
house,49
house,50
house,51
house,52
house,53
house,54
house,55
house,56
house,57
house,58
house,59
house,60
house,61
house,62
house,63
house,64
house,65
house,66
house,67
house,68
house,69
house,70
house,71
house,72
house,73
house,74
house,75
house,76
house,77
house,78
house,79
house,80
house,81
house,82
house,83
house,84
house,85
house,86
house,87
house,88
house,89
house,90
house,91
house,92
house,93
house,94
house,95
house,96
house,97
house,98
house,99
house,100
house,101
house,102
house,103
house,104
house,105
house,106
house,107
house,108
house,109
house,110
house,111
house,112
house,113
house,114
house,115
house,116
house,117
house,118
house,119
house,120
house,121
house,122
house,123
house,124
house,125
house,126
house,127
house,128
house,129
house,130
house,131
house,132
house,133
house,134
house,135
house,136
house,137
house,138
house,139
house,140
house,141
house,142
house,143
house,144
house,145
house,146
house,147
house,148
house,149
house,150
house,151
house,152
house,153
house,154
house,155
house,156
house,157
house,158
house,159
house,160
house,161
house,162
house,163
house,164
house,165
house,166
house,167
house,168
house,169
house,170
house,171
house,172
house,173
house,174
house,175
house,176
house,177
house,178
house,179
house,180
house,181
house,182
house,183
house,184
house,185
house,186
house,187
house,188
house,189
house,190
house,191
house,192
house,193
house,194
house,195
house,196
house,197
house,198
house,199
house,200
house,201
house,202
house,203
house,204
house,205
house,206
house,207
house,208
house,209
house,210
house,211
house,212
house,213
house,214
house,215
house,216
house,217
house,218
house,219
house,220
house,221
house,222
house,223
house,224
house,225
house,226
house,227
house,228
house,229
house,230
house,231
house,232
house,233
house,234
house,235
house,236
house,237
house,238
house,239
house,240
house,241
house,242
house,243
house,244
house,245
house,246
house,247
house,248
house,249
house,250
house,251
house,252
house,253
house,254
house,255
house,256
house,257
house,258
house,259
house,260
house,261
house,262
house,263
house,264
house,265
house,266
house,267
house,268
house,269
house,270
house,271
house,272
house,273
house,274
house,275
house,276
house,277
house,278
house,279
house,280
house,281
house,282
house,283
house,284
house,285
house,286
house,287
house,288
house,289
house,290
house,291
house,292
house,293
house,294
house,295
house,296
house,297
house,298
house,299
house,300
house,301
house,302
house,303
house,304
house,305
house,306
house,307
house,308
house,309
house,310
house,311
house,312
house,313
house,314
house,315
house,316
tekkno,1
tekkno,2
tekkno,3
tekkno,4
tekkno,5
tekkno,6
tekkno,7
tekkno,8
tekkno,9
tekkno,10
tekkno,11
tekkno,12
tekkno,13
tekkno,14
tekkno,15
tekkno,16
tekkno,17
tekkno,18
tekkno,19
tekkno,20
tekkno,21
tekkno,22
tekkno,23
tekkno,24
tekkno,25
tekkno,26
tekkno,27
tekkno,28
tekkno,29
tekkno,30
tekkno,31
tekkno,32
tekkno,33
tekkno,34
tekkno,35
tekkno,36
tekkno,37
tekkno,38
tekkno,39
tekkno,40
tekkno,41
tekkno,42
tekkno,43
tekkno,44
tekkno,45
tekkno,46
tekkno,47
tekkno,48
tekkno,49
tekkno,50
tekkno,51
tekkno,52
tekkno,53
tekkno,54
tekkno,55
tekkno,56
tekkno,57
tekkno,58
tekkno,59
tekkno,60
tekkno,61
tekkno,62
tekkno,63
tekkno,64
tekkno,65
tekkno,66
tekkno,67
tekkno,68
tekkno,69
tekkno,70
tekkno,71
tekkno,72
tekkno,73
tekkno,74
tekkno,75
tekkno,76
tekkno,77
tekkno,78
tekkno,79
tekkno,80
tekkno,81
tekkno,82
tekkno,83
tekkno,84
tekkno,85
tekkno,86
tekkno,87
tekkno,88
tekkno,89
tekkno,90
tekkno,91
tekkno,92
tekkno,93
tekkno,94
tekkno,95
tekkno,96
tekkno,97
tekkno,98
tekkno,99
tekkno,100
tekkno,101
tekkno,102
tekkno,103
tekkno,104
tekkno,105
tekkno,106
tekkno,107
tekkno,108
tekkno,109
tekkno,110
tekkno,111
tekkno,112
tekkno,113
tekkno,114
tekkno,115
tekkno,116
tekkno,117
tekkno,118
tekkno,119
tekkno,120
tekkno,121
tekkno,122
tekkno,123
tekkno,124
tekkno,125
tekkno,126
tekkno,127
tekkno,128
tekkno,129
tekkno,130
tekkno,131
tekkno,132
tekkno,133
tekkno,134
tekkno,135
tekkno,136
tekkno,137
tekkno,138
tekkno,139
tekkno,140
tekkno,141
tekkno,142
tekkno,143
tekkno,144
tekkno,145
tekkno,146
tekkno,147
tekkno,148
tekkno,149
tekkno,150
tekkno,151
tekkno,152
tekkno,153
tekkno,154
tekkno,155
tekkno,156
tekkno,157
tekkno,158
tekkno,159
tekkno,160
tekkno,161
tekkno,162
tekkno,163
tekkno,164
tekkno,165
tekkno,166
tekkno,167
tekkno,168
tekkno,169
tekkno,170
tekkno,171
tekkno,172
tekkno,173
tekkno,174
tekkno,175
tekkno,176
tekkno,177
tekkno,178
tekkno,179
tekkno,180
tekkno,181
tekkno,182
tekkno,183
tekkno,184
tekkno,185
tekkno,186
tekkno,187
tekkno,188
tekkno,189
tekkno,190
tekkno,191
tekkno,192
tekkno,193
tekkno,194
tekkno,195
tekkno,196
tekkno,197
tekkno,198
tekkno,199
tekkno,200
tekkno,201
tekkno,202
tekkno,203
tekkno,204
tekkno,205
tekkno,206
tekkno,207
tekkno,208
tekkno,209
tekkno,210
tekkno,211
tekkno,212
tekkno,213
tekkno,214
tekkno,215
tekkno,216
tekkno,217
tekkno,218
tekkno,219
tekkno,220
trance,1
trance,2
trance,3
trance,4
trance,5
trance,6
trance,7
trance,8
trance,9
trance,10
trance,11
trance,12
trance,13
trance,14
trance,15
trance,16
trance,17
trance,18
trance,19
trance,20
trance,21
trance,22
trance,23
trance,24
trance,25
trance,26
trance,27
trance,28
trance,29
trance,30
trance,31
trance,32
trance,33
trance,34
trance,35
trance,36
trance,37
trance,38
trance,39
trance,40
trance,41
trance,42
trance,43
trance,44
trance,45
trance,46
trance,47
trance,48
trance,49
trance,50
trance,51
trance,52
trance,53
trance,54
trance,55
trance,56
trance,57
trance,58
trance,59
trance,60
trance,61
trance,62
trance,63
trance,64
trance,65
trance,66
trance,67
trance,68
trance,69
trance,70
trance,71
trance,72
trance,73
trance,74
trance,75
trance,76
trance,77
trance,78
trance,79
trance,80
trance,81
trance,82
trance,83
trance,84
trance,85
trance,86
trance,87
trance,88
trance,89
trance,90
trance,91
trance,92
trance,93
trance,94
trance,95
trance,96
trance,97
trance,98
trance,99
trance,100
trance,101
trance,102
trance,103
trance,104
trance,105
trance,106
trance,107
trance,108
trance,109
trance,110
trance,111
trance,112
trance,113
trance,114
trance,115
trance,116
trance,117
trance,118
trance,119
trance,120
trance,121
trance,122
trance,123
trance,124
trance,125
trance,126
trance,127
trance,128
trance,129
trance,130
trance,131
trance,132
trance,133
trance,134
trance,135
trance,136
trance,137
trance,138
trance,139
trance,140
trance,141
trance,142
trance,143
trance,144
trance,145
trance,146
trance,147
trance,148
trance,149
trance,150
trance,151
trance,152
trance,153
trance,154
trance,155
trance,156
trance,157
trance,158
trance,159
trance,160
trance,161
trance,162
trance,163
trance,164
trance,165
trance,166
trance,167
trance,168
trance,169
trance,170
trance,171
trance,172
trance,173
trance,174
trance,175
trance,176
trance,177
trance,178
trance,179
trance,180
trance,181
trance,182
trance,183
trance,184
trance,185
trance,186
trance,187
trance,188
trance,189
trance,190
trance,191
trance,192
trance,193
trance,194
trance,195
trance,196
trance,197
trance,198
trance,199
trance,200
trance,201
trance,202
trance,203
trance,204
trance,205
trance,206
trance,207
trance,208
trance,209
trance,210
trance,211
trance,212
trance,213
